make: Entering directory '/home/ivan/repos/magia-sdk-v3'
sed -i -E "s/^[[:space:]]*N_TILES_X[[:space:]]*=[[:space:]]*[0-9]+/    N_TILES_X           = 32/" ./gvsoc/pulp/pulp/chips/magia_v3/arch.py
sed -i -E "s/^[[:space:]]*N_TILES_Y[[:space:]]*=[[:space:]]*[0-9]+/    N_TILES_Y           = 32/" ./gvsoc/pulp/pulp/chips/magia_v3/arch.py
sed -i -E "s/^[[:space:]]*NB_PULP_CORES[[:space:]]*=[[:space:]]*[0-9]+/    NB_PULP_CORES       = 8/" ./gvsoc/pulp/pulp/chips/magia_v3/arch.py
sed -i 's/^\([[:space:]]*PULP_ENABLE[[:space:]]*=[[:space:]]*\)True/\1False/' ./gvsoc/pulp/pulp/chips/magia_v3/arch.py
cd ./gvsoc	&& \
make build TARGETS=magia_v3
make[1]: Entering directory '/home/ivan/repos/magia-sdk-v3/gvsoc'
make[1]: warning: jobserver unavailable: using -j1.  Add '+' to parent make rule.
cmake -S gvrun -B build/gvrun -DCMAKE_BUILD_TYPE=Release \
	-DCMAKE_INSTALL_PREFIX=install
-- Configuring done (0.0s)
-- Generating done (0.0s)
-- Build files have been written to: /home/ivan/repos/magia-sdk-v3/gvsoc/build/gvrun
cmake --build build/gvrun -j 2
gmake[2]: Entering directory '/home/ivan/repos/magia-sdk-v3/gvsoc/build/gvrun'
gmake[2]: Leaving directory '/home/ivan/repos/magia-sdk-v3/gvsoc/build/gvrun'
cmake --install build/gvrun
-- Install configuration: "Release"
-- Up-to-date: /home/ivan/repos/magia-sdk-v3/gvsoc/install/bin
-- Up-to-date: /home/ivan/repos/magia-sdk-v3/gvsoc/install/bin/gvrun
-- Up-to-date: /home/ivan/repos/magia-sdk-v3/gvsoc/install/bin/gvwave
-- Up-to-date: /home/ivan/repos/magia-sdk-v3/gvsoc/install/bin/plprun
-- Up-to-date: /home/ivan/repos/magia-sdk-v3/gvsoc/install/python
-- Up-to-date: /home/ivan/repos/magia-sdk-v3/gvsoc/install/python/gvrun
-- Up-to-date: /home/ivan/repos/magia-sdk-v3/gvsoc/install/python/gvrun/attribute.py
-- Up-to-date: /home/ivan/repos/magia-sdk-v3/gvsoc/install/python/gvrun/header_gen.py
-- Up-to-date: /home/ivan/repos/magia-sdk-v3/gvsoc/install/python/gvrun/runtime.py
-- Up-to-date: /home/ivan/repos/magia-sdk-v3/gvsoc/install/python/gvrun/target_qualifiers.py
-- Up-to-date: /home/ivan/repos/magia-sdk-v3/gvsoc/install/python/gvrun/parameter.py
-- Up-to-date: /home/ivan/repos/magia-sdk-v3/gvsoc/install/python/gvrun/flash
-- Up-to-date: /home/ivan/repos/magia-sdk-v3/gvsoc/install/python/gvrun/flash/sections
-- Up-to-date: /home/ivan/repos/magia-sdk-v3/gvsoc/install/python/gvrun/flash/sections/partition_table.py
-- Up-to-date: /home/ivan/repos/magia-sdk-v3/gvsoc/install/python/gvrun/flash/sections/hostfs.py
-- Up-to-date: /home/ivan/repos/magia-sdk-v3/gvsoc/install/python/gvrun/flash/sections/app_binary.py
-- Up-to-date: /home/ivan/repos/magia-sdk-v3/gvsoc/install/python/gvrun/flash/sections/readfs.py
-- Up-to-date: /home/ivan/repos/magia-sdk-v3/gvsoc/install/python/gvrun/flash/sections/__init__.py
-- Up-to-date: /home/ivan/repos/magia-sdk-v3/gvsoc/install/python/gvrun/flash/sections/raw.py
-- Up-to-date: /home/ivan/repos/magia-sdk-v3/gvsoc/install/python/gvrun/flash/__init__.py
-- Up-to-date: /home/ivan/repos/magia-sdk-v3/gvsoc/install/python/gvrun/__main__.py
-- Up-to-date: /home/ivan/repos/magia-sdk-v3/gvsoc/install/python/gvrun/timing.py
-- Up-to-date: /home/ivan/repos/magia-sdk-v3/gvsoc/install/python/gvrun/systree.py
-- Up-to-date: /home/ivan/repos/magia-sdk-v3/gvsoc/install/python/gvrun/runners
-- Up-to-date: /home/ivan/repos/magia-sdk-v3/gvsoc/install/python/gvrun/runners/verilator.py
-- Up-to-date: /home/ivan/repos/magia-sdk-v3/gvsoc/install/python/gvrun/runners/__init__.py
-- Up-to-date: /home/ivan/repos/magia-sdk-v3/gvsoc/install/python/gvrun/__pycache__
-- Up-to-date: /home/ivan/repos/magia-sdk-v3/gvsoc/install/python/gvrun/__pycache__/config.cpython-313.pyc
-- Up-to-date: /home/ivan/repos/magia-sdk-v3/gvsoc/install/python/gvrun/__pycache__/attribute.cpython-313.pyc
-- Up-to-date: /home/ivan/repos/magia-sdk-v3/gvsoc/install/python/gvrun/__pycache__/parameter.cpython-313.pyc
-- Up-to-date: /home/ivan/repos/magia-sdk-v3/gvsoc/install/python/gvrun/__pycache__/timing.cpython-313.pyc
-- Up-to-date: /home/ivan/repos/magia-sdk-v3/gvsoc/install/python/gvrun/__pycache__/tree_gen.cpython-313.pyc
-- Up-to-date: /home/ivan/repos/magia-sdk-v3/gvsoc/install/python/gvrun/__pycache__/runtime.cpython-313.pyc
-- Up-to-date: /home/ivan/repos/magia-sdk-v3/gvsoc/install/python/gvrun/__pycache__/config_gen.cpython-313.pyc
-- Up-to-date: /home/ivan/repos/magia-sdk-v3/gvsoc/install/python/gvrun/__pycache__/builder.cpython-313.pyc
-- Up-to-date: /home/ivan/repos/magia-sdk-v3/gvsoc/install/python/gvrun/__pycache__/systree.cpython-313.pyc
-- Up-to-date: /home/ivan/repos/magia-sdk-v3/gvsoc/install/python/gvrun/__pycache__/utils.cpython-313.pyc
-- Up-to-date: /home/ivan/repos/magia-sdk-v3/gvsoc/install/python/gvrun/config_gen.py
-- Up-to-date: /home/ivan/repos/magia-sdk-v3/gvsoc/install/python/gvrun/config.py
-- Up-to-date: /home/ivan/repos/magia-sdk-v3/gvsoc/install/python/gvrun/builder.py
-- Up-to-date: /home/ivan/repos/magia-sdk-v3/gvsoc/install/python/gvrun/runner.py
-- Up-to-date: /home/ivan/repos/magia-sdk-v3/gvsoc/install/python/gvrun/diagram.py
-- Up-to-date: /home/ivan/repos/magia-sdk-v3/gvsoc/install/python/gvrun/tree_gen.py
-- Up-to-date: /home/ivan/repos/magia-sdk-v3/gvsoc/install/python/gvrun/utils.py
-- Up-to-date: /home/ivan/repos/magia-sdk-v3/gvsoc/install/python/gvrun/commands.py
-- Up-to-date: /home/ivan/repos/magia-sdk-v3/gvsoc/install/python/gvrun/target.py
cmake -S config_tree -B build/config_tree -DCMAKE_BUILD_TYPE=Release \
	-DCMAKE_INSTALL_PREFIX=install
-- Configuring done (0.0s)
-- Generating done (0.0s)
-- Build files have been written to: /home/ivan/repos/magia-sdk-v3/gvsoc/build/config_tree
cmake --build build/config_tree -j 2
gmake[2]: Entering directory '/home/ivan/repos/magia-sdk-v3/gvsoc/build/config_tree'
gmake[2]: Leaving directory '/home/ivan/repos/magia-sdk-v3/gvsoc/build/config_tree'
cmake --install build/config_tree
-- Install configuration: "Release"
-- Up-to-date: /home/ivan/repos/magia-sdk-v3/gvsoc/install/python/.
-- Up-to-date: /home/ivan/repos/magia-sdk-v3/gvsoc/install/python/./.gitignore
-- Up-to-date: /home/ivan/repos/magia-sdk-v3/gvsoc/install/python/./requirements.txt
-- Up-to-date: /home/ivan/repos/magia-sdk-v3/gvsoc/install/python/./.git
-- Up-to-date: /home/ivan/repos/magia-sdk-v3/gvsoc/install/python/./CMakeLists.txt
-- Up-to-date: /home/ivan/repos/magia-sdk-v3/gvsoc/install/python/./tests
-- Up-to-date: /home/ivan/repos/magia-sdk-v3/gvsoc/install/python/./tests/test_ref_proxy.py
-- Up-to-date: /home/ivan/repos/magia-sdk-v3/gvsoc/install/python/./tests/examples
-- Up-to-date: /home/ivan/repos/magia-sdk-v3/gvsoc/install/python/./tests/examples/README.spi.md
-- Up-to-date: /home/ivan/repos/magia-sdk-v3/gvsoc/install/python/./tests/examples/README.indirect.md
-- Up-to-date: /home/ivan/repos/magia-sdk-v3/gvsoc/install/python/./tests/examples/README.xip.md
-- Up-to-date: /home/ivan/repos/magia-sdk-v3/gvsoc/install/python/./tests/test_condition.py
-- Up-to-date: /home/ivan/repos/magia-sdk-v3/gvsoc/install/python/./tests/test_register_types.py
-- Up-to-date: /home/ivan/repos/magia-sdk-v3/gvsoc/install/python/./tests/test_dump.py
-- Up-to-date: /home/ivan/repos/magia-sdk-v3/gvsoc/install/python/./tests/test_validation.py
-- Up-to-date: /home/ivan/repos/magia-sdk-v3/gvsoc/install/python/./tests/conftest.py
-- Up-to-date: /home/ivan/repos/magia-sdk-v3/gvsoc/install/python/./tests/test_config.py
-- Up-to-date: /home/ivan/repos/magia-sdk-v3/gvsoc/install/python/./tests/test_pyright.py
-- Up-to-date: /home/ivan/repos/magia-sdk-v3/gvsoc/install/python/./tests/test_environment_expression.py
-- Up-to-date: /home/ivan/repos/magia-sdk-v3/gvsoc/install/python/./tests/test_header_gen.py
-- Up-to-date: /home/ivan/repos/magia-sdk-v3/gvsoc/install/python/./tests/test_functional_expression.py
-- Up-to-date: /home/ivan/repos/magia-sdk-v3/gvsoc/install/python/./tests/typecheck
-- Up-to-date: /home/ivan/repos/magia-sdk-v3/gvsoc/install/python/./tests/typecheck/valid_usage.py
-- Up-to-date: /home/ivan/repos/magia-sdk-v3/gvsoc/install/python/./tests/typecheck/invalid_usage.py
-- Up-to-date: /home/ivan/repos/magia-sdk-v3/gvsoc/install/python/./tests/typecheck/__init__.py
-- Up-to-date: /home/ivan/repos/magia-sdk-v3/gvsoc/install/python/./tests/test_snitch_config.py
-- Up-to-date: /home/ivan/repos/magia-sdk-v3/gvsoc/install/python/./tests/test_children.py
-- Up-to-date: /home/ivan/repos/magia-sdk-v3/gvsoc/install/python/./tests/test_default_factory.py
-- Up-to-date: /home/ivan/repos/magia-sdk-v3/gvsoc/install/python/./tests/test_custom_alias.py
-- Up-to-date: /home/ivan/repos/magia-sdk-v3/gvsoc/install/python/./tests/test_hal_gen.py
-- Up-to-date: /home/ivan/repos/magia-sdk-v3/gvsoc/install/python/./tests/snapshots
-- Up-to-date: /home/ivan/repos/magia-sdk-v3/gvsoc/install/python/./tests/snapshots/registers_spi.json
-- Up-to-date: /home/ivan/repos/magia-sdk-v3/gvsoc/install/python/./tests/snapshots/registers_xip.json
-- Up-to-date: /home/ivan/repos/magia-sdk-v3/gvsoc/install/python/./tests/test_alias_validation.py
-- Up-to-date: /home/ivan/repos/magia-sdk-v3/gvsoc/install/python/./tests/test_configs
-- Up-to-date: /home/ivan/repos/magia-sdk-v3/gvsoc/install/python/./tests/test_configs/snitch
-- Up-to-date: /home/ivan/repos/magia-sdk-v3/gvsoc/install/python/./tests/test_configs/snitch/snitch_testbench.py
-- Up-to-date: /home/ivan/repos/magia-sdk-v3/gvsoc/install/python/./tests/test_configs/snitch/memory_config.py
-- Up-to-date: /home/ivan/repos/magia-sdk-v3/gvsoc/install/python/./tests/test_configs/snitch/router_config.py
-- Up-to-date: /home/ivan/repos/magia-sdk-v3/gvsoc/install/python/./tests/test_configs/snitch/snitch_core_config.py
-- Up-to-date: /home/ivan/repos/magia-sdk-v3/gvsoc/install/python/./tests/test_configs/snitch/snitch_testbench_config.py
-- Up-to-date: /home/ivan/repos/magia-sdk-v3/gvsoc/install/python/./tests/__init__.py
-- Up-to-date: /home/ivan/repos/magia-sdk-v3/gvsoc/install/python/./tests/test_define_ops_expression.py
-- Up-to-date: /home/ivan/repos/magia-sdk-v3/gvsoc/install/python/./README.md
-- Up-to-date: /home/ivan/repos/magia-sdk-v3/gvsoc/install/python/./pyproject.toml
-- Up-to-date: /home/ivan/repos/magia-sdk-v3/gvsoc/install/python/./config_tree
-- Up-to-date: /home/ivan/repos/magia-sdk-v3/gvsoc/install/python/./config_tree/header_gen.py
-- Up-to-date: /home/ivan/repos/magia-sdk-v3/gvsoc/install/python/./config_tree/ref_proxy.py
-- Up-to-date: /home/ivan/repos/magia-sdk-v3/gvsoc/install/python/./config_tree/register_field_types.py
-- Up-to-date: /home/ivan/repos/magia-sdk-v3/gvsoc/install/python/./config_tree/hal_gen.py
-- Up-to-date: /home/ivan/repos/magia-sdk-v3/gvsoc/install/python/./config_tree/dump.py
-- Up-to-date: /home/ivan/repos/magia-sdk-v3/gvsoc/install/python/./config_tree/expression
-- Up-to-date: /home/ivan/repos/magia-sdk-v3/gvsoc/install/python/./config_tree/expression/comparison.py
-- Up-to-date: /home/ivan/repos/magia-sdk-v3/gvsoc/install/python/./config_tree/expression/boolean.py
-- Up-to-date: /home/ivan/repos/magia-sdk-v3/gvsoc/install/python/./config_tree/expression/numeric.py
-- Up-to-date: /home/ivan/repos/magia-sdk-v3/gvsoc/install/python/./config_tree/expression/define_ops.py
-- Up-to-date: /home/ivan/repos/magia-sdk-v3/gvsoc/install/python/./config_tree/expression/field_ref.py
-- Up-to-date: /home/ivan/repos/magia-sdk-v3/gvsoc/install/python/./config_tree/expression/__pycache__
-- Up-to-date: /home/ivan/repos/magia-sdk-v3/gvsoc/install/python/./config_tree/expression/__pycache__/__init__.cpython-313.pyc
-- Up-to-date: /home/ivan/repos/magia-sdk-v3/gvsoc/install/python/./config_tree/expression/__pycache__/environment.cpython-313.pyc
-- Up-to-date: /home/ivan/repos/magia-sdk-v3/gvsoc/install/python/./config_tree/expression/__pycache__/field_ref.cpython-313.pyc
-- Up-to-date: /home/ivan/repos/magia-sdk-v3/gvsoc/install/python/./config_tree/expression/__pycache__/define_ops.cpython-313.pyc
-- Up-to-date: /home/ivan/repos/magia-sdk-v3/gvsoc/install/python/./config_tree/expression/__pycache__/boolean.cpython-313.pyc
-- Up-to-date: /home/ivan/repos/magia-sdk-v3/gvsoc/install/python/./config_tree/expression/__pycache__/base.cpython-313.pyc
-- Up-to-date: /home/ivan/repos/magia-sdk-v3/gvsoc/install/python/./config_tree/expression/__pycache__/comparison.cpython-313.pyc
-- Up-to-date: /home/ivan/repos/magia-sdk-v3/gvsoc/install/python/./config_tree/expression/__pycache__/functional.cpython-313.pyc
-- Up-to-date: /home/ivan/repos/magia-sdk-v3/gvsoc/install/python/./config_tree/expression/__pycache__/numeric.cpython-313.pyc
-- Up-to-date: /home/ivan/repos/magia-sdk-v3/gvsoc/install/python/./config_tree/expression/functional.py
-- Up-to-date: /home/ivan/repos/magia-sdk-v3/gvsoc/install/python/./config_tree/expression/base.py
-- Up-to-date: /home/ivan/repos/magia-sdk-v3/gvsoc/install/python/./config_tree/expression/environment.py
-- Up-to-date: /home/ivan/repos/magia-sdk-v3/gvsoc/install/python/./config_tree/expression/__init__.py
-- Up-to-date: /home/ivan/repos/magia-sdk-v3/gvsoc/install/python/./config_tree/md_parser.py
-- Up-to-date: /home/ivan/repos/magia-sdk-v3/gvsoc/install/python/./config_tree/register_types.py
-- Up-to-date: /home/ivan/repos/magia-sdk-v3/gvsoc/install/python/./config_tree/__pycache__
-- Up-to-date: /home/ivan/repos/magia-sdk-v3/gvsoc/install/python/./config_tree/__pycache__/__init__.cpython-313.pyc
-- Up-to-date: /home/ivan/repos/magia-sdk-v3/gvsoc/install/python/./config_tree/__pycache__/ref_proxy.cpython-313.pyc
-- Up-to-date: /home/ivan/repos/magia-sdk-v3/gvsoc/install/python/./config_tree/__pycache__/config.cpython-313.pyc
-- Up-to-date: /home/ivan/repos/magia-sdk-v3/gvsoc/install/python/./config_tree/__pycache__/devices.cpython-313.pyc
-- Up-to-date: /home/ivan/repos/magia-sdk-v3/gvsoc/install/python/./config_tree/__pycache__/fields.cpython-313.pyc
-- Up-to-date: /home/ivan/repos/magia-sdk-v3/gvsoc/install/python/./config_tree/__pycache__/decorators.cpython-313.pyc
-- Up-to-date: /home/ivan/repos/magia-sdk-v3/gvsoc/install/python/./config_tree/__pycache__/register_field_types.cpython-313.pyc
-- Up-to-date: /home/ivan/repos/magia-sdk-v3/gvsoc/install/python/./config_tree/__pycache__/register_types.cpython-313.pyc
-- Up-to-date: /home/ivan/repos/magia-sdk-v3/gvsoc/install/python/./config_tree/__pycache__/dump.cpython-313.pyc
-- Up-to-date: /home/ivan/repos/magia-sdk-v3/gvsoc/install/python/./config_tree/__pycache__/utils.cpython-313.pyc
-- Up-to-date: /home/ivan/repos/magia-sdk-v3/gvsoc/install/python/./config_tree/__pycache__/field_type_alias.cpython-313.pyc
-- Up-to-date: /home/ivan/repos/magia-sdk-v3/gvsoc/install/python/./config_tree/__pycache__/md_parser.cpython-313.pyc
-- Up-to-date: /home/ivan/repos/magia-sdk-v3/gvsoc/install/python/./config_tree/config.py
-- Up-to-date: /home/ivan/repos/magia-sdk-v3/gvsoc/install/python/./config_tree/fields.py
-- Up-to-date: /home/ivan/repos/magia-sdk-v3/gvsoc/install/python/./config_tree/devices.py
-- Up-to-date: /home/ivan/repos/magia-sdk-v3/gvsoc/install/python/./config_tree/utils.py
-- Up-to-date: /home/ivan/repos/magia-sdk-v3/gvsoc/install/python/./config_tree/field_type_alias.py
-- Up-to-date: /home/ivan/repos/magia-sdk-v3/gvsoc/install/python/./config_tree/decorators.py
-- Up-to-date: /home/ivan/repos/magia-sdk-v3/gvsoc/install/python/./config_tree/mappings.py
-- Up-to-date: /home/ivan/repos/magia-sdk-v3/gvsoc/install/python/./config_tree/__init__.py
# Change directory to curdir to avoid issue with symbolic links
cd /home/ivan/repos/magia-sdk-v3/gvsoc && cmake -S . -B build -DCMAKE_BUILD_TYPE=Release \
	-DCMAKE_INSTALL_PREFIX=install \
	-DGVSOC_MODULES="/home/ivan/repos/magia-sdk-v3/gvsoc/engine/python;/home/ivan/repos/magia-sdk-v3/gvsoc/core/models;/home/ivan/repos/magia-sdk-v3/gvsoc/pulp;/home/ivan/repos/magia-sdk-v3/gvsoc/pulp/targets;/home/ivan/repos/magia-sdk-v3/gvsoc/gvrun/python;/home/ivan/repos/magia-sdk-v3/gvsoc/config_tree;" \
	-DGVSOC_TARGETS="magia_v3" \
	-DCMAKE_SKIP_INSTALL_RPATH=false
-- Generating GVSOC config to /home/ivan/repos/magia-sdk-v3/gvsoc/build/gvsoc/configs/magia_v3.config with command: 
--     gapy --target=magia_v3 --target-dir=/home/ivan/repos/magia-sdk-v3/gvsoc/engine/python --target-dir=/home/ivan/repos/magia-sdk-v3/gvsoc/core/models --target-dir=/home/ivan/repos/magia-sdk-v3/gvsoc/pulp --target-dir=/home/ivan/repos/magia-sdk-v3/gvsoc/pulp/targets --target-dir=/home/ivan/repos/magia-sdk-v3/gvsoc/gvrun/python --target-dir=/home/ivan/repos/magia-sdk-v3/gvsoc/config_tree --platform=gvsoc --builddir=/home/ivan/repos/magia-sdk-v3/gvsoc/build/engine --installdir=/home/ivan/repos/magia-sdk-v3/gvsoc/install/models --component-file=/home/ivan/repos/magia-sdk-v3/gvsoc/build/gvsoc/configs/magia_v3.config components --py-stack
SNITCH_SPATZ complex enabled
[0, 1, 2, 3, 4, 5, 6, 7, 8, 9, 10, 11, 12, 13, 14, 15, 16, 17, 18, 19, 20, 21, 22, 23, 24, 25, 26, 27, 28, 29, 30, 31]
[32, 33, 34, 35, 36, 37, 38, 39, 40, 41, 42, 43, 44, 45, 46, 47, 48, 49, 50, 51, 52, 53, 54, 55, 56, 57, 58, 59, 60, 61, 62, 63]
[64, 65, 66, 67, 68, 69, 70, 71, 72, 73, 74, 75, 76, 77, 78, 79, 80, 81, 82, 83, 84, 85, 86, 87, 88, 89, 90, 91, 92, 93, 94, 95]
[96, 97, 98, 99, 100, 101, 102, 103, 104, 105, 106, 107, 108, 109, 110, 111, 112, 113, 114, 115, 116, 117, 118, 119, 120, 121, 122, 123, 124, 125, 126, 127]
[128, 129, 130, 131, 132, 133, 134, 135, 136, 137, 138, 139, 140, 141, 142, 143, 144, 145, 146, 147, 148, 149, 150, 151, 152, 153, 154, 155, 156, 157, 158, 159]
[160, 161, 162, 163, 164, 165, 166, 167, 168, 169, 170, 171, 172, 173, 174, 175, 176, 177, 178, 179, 180, 181, 182, 183, 184, 185, 186, 187, 188, 189, 190, 191]
[192, 193, 194, 195, 196, 197, 198, 199, 200, 201, 202, 203, 204, 205, 206, 207, 208, 209, 210, 211, 212, 213, 214, 215, 216, 217, 218, 219, 220, 221, 222, 223]
[224, 225, 226, 227, 228, 229, 230, 231, 232, 233, 234, 235, 236, 237, 238, 239, 240, 241, 242, 243, 244, 245, 246, 247, 248, 249, 250, 251, 252, 253, 254, 255]
[256, 257, 258, 259, 260, 261, 262, 263, 264, 265, 266, 267, 268, 269, 270, 271, 272, 273, 274, 275, 276, 277, 278, 279, 280, 281, 282, 283, 284, 285, 286, 287]
[288, 289, 290, 291, 292, 293, 294, 295, 296, 297, 298, 299, 300, 301, 302, 303, 304, 305, 306, 307, 308, 309, 310, 311, 312, 313, 314, 315, 316, 317, 318, 319]
[320, 321, 322, 323, 324, 325, 326, 327, 328, 329, 330, 331, 332, 333, 334, 335, 336, 337, 338, 339, 340, 341, 342, 343, 344, 345, 346, 347, 348, 349, 350, 351]
[352, 353, 354, 355, 356, 357, 358, 359, 360, 361, 362, 363, 364, 365, 366, 367, 368, 369, 370, 371, 372, 373, 374, 375, 376, 377, 378, 379, 380, 381, 382, 383]
[384, 385, 386, 387, 388, 389, 390, 391, 392, 393, 394, 395, 396, 397, 398, 399, 400, 401, 402, 403, 404, 405, 406, 407, 408, 409, 410, 411, 412, 413, 414, 415]
[416, 417, 418, 419, 420, 421, 422, 423, 424, 425, 426, 427, 428, 429, 430, 431, 432, 433, 434, 435, 436, 437, 438, 439, 440, 441, 442, 443, 444, 445, 446, 447]
[448, 449, 450, 451, 452, 453, 454, 455, 456, 457, 458, 459, 460, 461, 462, 463, 464, 465, 466, 467, 468, 469, 470, 471, 472, 473, 474, 475, 476, 477, 478, 479]
[480, 481, 482, 483, 484, 485, 486, 487, 488, 489, 490, 491, 492, 493, 494, 495, 496, 497, 498, 499, 500, 501, 502, 503, 504, 505, 506, 507, 508, 509, 510, 511]
[512, 513, 514, 515, 516, 517, 518, 519, 520, 521, 522, 523, 524, 525, 526, 527, 528, 529, 530, 531, 532, 533, 534, 535, 536, 537, 538, 539, 540, 541, 542, 543]
[544, 545, 546, 547, 548, 549, 550, 551, 552, 553, 554, 555, 556, 557, 558, 559, 560, 561, 562, 563, 564, 565, 566, 567, 568, 569, 570, 571, 572, 573, 574, 575]
[576, 577, 578, 579, 580, 581, 582, 583, 584, 585, 586, 587, 588, 589, 590, 591, 592, 593, 594, 595, 596, 597, 598, 599, 600, 601, 602, 603, 604, 605, 606, 607]
[608, 609, 610, 611, 612, 613, 614, 615, 616, 617, 618, 619, 620, 621, 622, 623, 624, 625, 626, 627, 628, 629, 630, 631, 632, 633, 634, 635, 636, 637, 638, 639]
[640, 641, 642, 643, 644, 645, 646, 647, 648, 649, 650, 651, 652, 653, 654, 655, 656, 657, 658, 659, 660, 661, 662, 663, 664, 665, 666, 667, 668, 669, 670, 671]
[672, 673, 674, 675, 676, 677, 678, 679, 680, 681, 682, 683, 684, 685, 686, 687, 688, 689, 690, 691, 692, 693, 694, 695, 696, 697, 698, 699, 700, 701, 702, 703]
[704, 705, 706, 707, 708, 709, 710, 711, 712, 713, 714, 715, 716, 717, 718, 719, 720, 721, 722, 723, 724, 725, 726, 727, 728, 729, 730, 731, 732, 733, 734, 735]
[736, 737, 738, 739, 740, 741, 742, 743, 744, 745, 746, 747, 748, 749, 750, 751, 752, 753, 754, 755, 756, 757, 758, 759, 760, 761, 762, 763, 764, 765, 766, 767]
[768, 769, 770, 771, 772, 773, 774, 775, 776, 777, 778, 779, 780, 781, 782, 783, 784, 785, 786, 787, 788, 789, 790, 791, 792, 793, 794, 795, 796, 797, 798, 799]
[800, 801, 802, 803, 804, 805, 806, 807, 808, 809, 810, 811, 812, 813, 814, 815, 816, 817, 818, 819, 820, 821, 822, 823, 824, 825, 826, 827, 828, 829, 830, 831]
[832, 833, 834, 835, 836, 837, 838, 839, 840, 841, 842, 843, 844, 845, 846, 847, 848, 849, 850, 851, 852, 853, 854, 855, 856, 857, 858, 859, 860, 861, 862, 863]
[864, 865, 866, 867, 868, 869, 870, 871, 872, 873, 874, 875, 876, 877, 878, 879, 880, 881, 882, 883, 884, 885, 886, 887, 888, 889, 890, 891, 892, 893, 894, 895]
[896, 897, 898, 899, 900, 901, 902, 903, 904, 905, 906, 907, 908, 909, 910, 911, 912, 913, 914, 915, 916, 917, 918, 919, 920, 921, 922, 923, 924, 925, 926, 927]
[928, 929, 930, 931, 932, 933, 934, 935, 936, 937, 938, 939, 940, 941, 942, 943, 944, 945, 946, 947, 948, 949, 950, 951, 952, 953, 954, 955, 956, 957, 958, 959]
[960, 961, 962, 963, 964, 965, 966, 967, 968, 969, 970, 971, 972, 973, 974, 975, 976, 977, 978, 979, 980, 981, 982, 983, 984, 985, 986, 987, 988, 989, 990, 991]
[992, 993, 994, 995, 996, 997, 998, 999, 1000, 1001, 1002, 1003, 1004, 1005, 1006, 1007, 1008, 1009, 1010, 1011, 1012, 1013, 1014, 1015, 1016, 1017, 1018, 1019, 1020, 1021, 1022, 1023]
Placing 1024 fsync in h+v tree at level 0
Placing 256 fsync in h+v tree at level 1
Placing 128 fsync in h+v tree at level 2
Placing 128 fsync in v tree at level 2
Placing 64 fsync in h+v tree at level 3
Placing 32 fsync in h+v tree at level 4
Placing 32 fsync in v tree at level 4
Placing 16 fsync in h+v tree at level 5
Placing 8 fsync in h+v tree at level 6
Placing 8 fsync in v tree at level 6
Placing 4 fsync in h+v tree at level 7
Placing 2 fsync in h+v tree at level 8
Placing 2 fsync in v tree at level 8
Placing 1 fsync in root level 9
Placing 960 neighbour fsync at level 0
[NoC] Adding router and NI at position x=1 y=0
[NoC] Adding router and NI at position x=2 y=0
[NoC] Adding router and NI at position x=3 y=0
[NoC] Adding router and NI at position x=4 y=0
[NoC] Adding router and NI at position x=5 y=0
[NoC] Adding router and NI at position x=6 y=0
[NoC] Adding router and NI at position x=7 y=0
[NoC] Adding router and NI at position x=8 y=0
[NoC] Adding router and NI at position x=9 y=0
[NoC] Adding router and NI at position x=10 y=0
[NoC] Adding router and NI at position x=11 y=0
[NoC] Adding router and NI at position x=12 y=0
[NoC] Adding router and NI at position x=13 y=0
[NoC] Adding router and NI at position x=14 y=0
[NoC] Adding router and NI at position x=15 y=0
[NoC] Adding router and NI at position x=16 y=0
[NoC] Adding router and NI at position x=17 y=0
[NoC] Adding router and NI at position x=18 y=0
[NoC] Adding router and NI at position x=19 y=0
[NoC] Adding router and NI at position x=20 y=0
[NoC] Adding router and NI at position x=21 y=0
[NoC] Adding router and NI at position x=22 y=0
[NoC] Adding router and NI at position x=23 y=0
[NoC] Adding router and NI at position x=24 y=0
[NoC] Adding router and NI at position x=25 y=0
[NoC] Adding router and NI at position x=26 y=0
[NoC] Adding router and NI at position x=27 y=0
[NoC] Adding router and NI at position x=28 y=0
[NoC] Adding router and NI at position x=29 y=0
[NoC] Adding router and NI at position x=30 y=0
[NoC] Adding router and NI at position x=31 y=0
[NoC] Adding router and NI at position x=32 y=0
[NoC] Adding router and NI at position x=1 y=1
[NoC] Adding router and NI at position x=2 y=1
[NoC] Adding router and NI at position x=3 y=1
[NoC] Adding router and NI at position x=4 y=1
[NoC] Adding router and NI at position x=5 y=1
[NoC] Adding router and NI at position x=6 y=1
[NoC] Adding router and NI at position x=7 y=1
[NoC] Adding router and NI at position x=8 y=1
[NoC] Adding router and NI at position x=9 y=1
[NoC] Adding router and NI at position x=10 y=1
[NoC] Adding router and NI at position x=11 y=1
[NoC] Adding router and NI at position x=12 y=1
[NoC] Adding router and NI at position x=13 y=1
[NoC] Adding router and NI at position x=14 y=1
[NoC] Adding router and NI at position x=15 y=1
[NoC] Adding router and NI at position x=16 y=1
[NoC] Adding router and NI at position x=17 y=1
[NoC] Adding router and NI at position x=18 y=1
[NoC] Adding router and NI at position x=19 y=1
[NoC] Adding router and NI at position x=20 y=1
[NoC] Adding router and NI at position x=21 y=1
[NoC] Adding router and NI at position x=22 y=1
[NoC] Adding router and NI at position x=23 y=1
[NoC] Adding router and NI at position x=24 y=1
[NoC] Adding router and NI at position x=25 y=1
[NoC] Adding router and NI at position x=26 y=1
[NoC] Adding router and NI at position x=27 y=1
[NoC] Adding router and NI at position x=28 y=1
[NoC] Adding router and NI at position x=29 y=1
[NoC] Adding router and NI at position x=30 y=1
[NoC] Adding router and NI at position x=31 y=1
[NoC] Adding router and NI at position x=32 y=1
[NoC] Adding router and NI at position x=1 y=2
[NoC] Adding router and NI at position x=2 y=2
[NoC] Adding router and NI at position x=3 y=2
[NoC] Adding router and NI at position x=4 y=2
[NoC] Adding router and NI at position x=5 y=2
[NoC] Adding router and NI at position x=6 y=2
[NoC] Adding router and NI at position x=7 y=2
[NoC] Adding router and NI at position x=8 y=2
[NoC] Adding router and NI at position x=9 y=2
[NoC] Adding router and NI at position x=10 y=2
[NoC] Adding router and NI at position x=11 y=2
[NoC] Adding router and NI at position x=12 y=2
[NoC] Adding router and NI at position x=13 y=2
[NoC] Adding router and NI at position x=14 y=2
[NoC] Adding router and NI at position x=15 y=2
[NoC] Adding router and NI at position x=16 y=2
[NoC] Adding router and NI at position x=17 y=2
[NoC] Adding router and NI at position x=18 y=2
[NoC] Adding router and NI at position x=19 y=2
[NoC] Adding router and NI at position x=20 y=2
[NoC] Adding router and NI at position x=21 y=2
[NoC] Adding router and NI at position x=22 y=2
[NoC] Adding router and NI at position x=23 y=2
[NoC] Adding router and NI at position x=24 y=2
[NoC] Adding router and NI at position x=25 y=2
[NoC] Adding router and NI at position x=26 y=2
[NoC] Adding router and NI at position x=27 y=2
[NoC] Adding router and NI at position x=28 y=2
[NoC] Adding router and NI at position x=29 y=2
[NoC] Adding router and NI at position x=30 y=2
[NoC] Adding router and NI at position x=31 y=2
[NoC] Adding router and NI at position x=32 y=2
[NoC] Adding router and NI at position x=1 y=3
[NoC] Adding router and NI at position x=2 y=3
[NoC] Adding router and NI at position x=3 y=3
[NoC] Adding router and NI at position x=4 y=3
[NoC] Adding router and NI at position x=5 y=3
[NoC] Adding router and NI at position x=6 y=3
[NoC] Adding router and NI at position x=7 y=3
[NoC] Adding router and NI at position x=8 y=3
[NoC] Adding router and NI at position x=9 y=3
[NoC] Adding router and NI at position x=10 y=3
[NoC] Adding router and NI at position x=11 y=3
[NoC] Adding router and NI at position x=12 y=3
[NoC] Adding router and NI at position x=13 y=3
[NoC] Adding router and NI at position x=14 y=3
[NoC] Adding router and NI at position x=15 y=3
[NoC] Adding router and NI at position x=16 y=3
[NoC] Adding router and NI at position x=17 y=3
[NoC] Adding router and NI at position x=18 y=3
[NoC] Adding router and NI at position x=19 y=3
[NoC] Adding router and NI at position x=20 y=3
[NoC] Adding router and NI at position x=21 y=3
[NoC] Adding router and NI at position x=22 y=3
[NoC] Adding router and NI at position x=23 y=3
[NoC] Adding router and NI at position x=24 y=3
[NoC] Adding router and NI at position x=25 y=3
[NoC] Adding router and NI at position x=26 y=3
[NoC] Adding router and NI at position x=27 y=3
[NoC] Adding router and NI at position x=28 y=3
[NoC] Adding router and NI at position x=29 y=3
[NoC] Adding router and NI at position x=30 y=3
[NoC] Adding router and NI at position x=31 y=3
[NoC] Adding router and NI at position x=32 y=3
[NoC] Adding router and NI at position x=1 y=4
[NoC] Adding router and NI at position x=2 y=4
[NoC] Adding router and NI at position x=3 y=4
[NoC] Adding router and NI at position x=4 y=4
[NoC] Adding router and NI at position x=5 y=4
[NoC] Adding router and NI at position x=6 y=4
[NoC] Adding router and NI at position x=7 y=4
[NoC] Adding router and NI at position x=8 y=4
[NoC] Adding router and NI at position x=9 y=4
[NoC] Adding router and NI at position x=10 y=4
[NoC] Adding router and NI at position x=11 y=4
[NoC] Adding router and NI at position x=12 y=4
[NoC] Adding router and NI at position x=13 y=4
[NoC] Adding router and NI at position x=14 y=4
[NoC] Adding router and NI at position x=15 y=4
[NoC] Adding router and NI at position x=16 y=4
[NoC] Adding router and NI at position x=17 y=4
[NoC] Adding router and NI at position x=18 y=4
[NoC] Adding router and NI at position x=19 y=4
[NoC] Adding router and NI at position x=20 y=4
[NoC] Adding router and NI at position x=21 y=4
[NoC] Adding router and NI at position x=22 y=4
[NoC] Adding router and NI at position x=23 y=4
[NoC] Adding router and NI at position x=24 y=4
[NoC] Adding router and NI at position x=25 y=4
[NoC] Adding router and NI at position x=26 y=4
[NoC] Adding router and NI at position x=27 y=4
[NoC] Adding router and NI at position x=28 y=4
[NoC] Adding router and NI at position x=29 y=4
[NoC] Adding router and NI at position x=30 y=4
[NoC] Adding router and NI at position x=31 y=4
[NoC] Adding router and NI at position x=32 y=4
[NoC] Adding router and NI at position x=1 y=5
[NoC] Adding router and NI at position x=2 y=5
[NoC] Adding router and NI at position x=3 y=5
[NoC] Adding router and NI at position x=4 y=5
[NoC] Adding router and NI at position x=5 y=5
[NoC] Adding router and NI at position x=6 y=5
[NoC] Adding router and NI at position x=7 y=5
[NoC] Adding router and NI at position x=8 y=5
[NoC] Adding router and NI at position x=9 y=5
[NoC] Adding router and NI at position x=10 y=5
[NoC] Adding router and NI at position x=11 y=5
[NoC] Adding router and NI at position x=12 y=5
[NoC] Adding router and NI at position x=13 y=5
[NoC] Adding router and NI at position x=14 y=5
[NoC] Adding router and NI at position x=15 y=5
[NoC] Adding router and NI at position x=16 y=5
[NoC] Adding router and NI at position x=17 y=5
[NoC] Adding router and NI at position x=18 y=5
[NoC] Adding router and NI at position x=19 y=5
[NoC] Adding router and NI at position x=20 y=5
[NoC] Adding router and NI at position x=21 y=5
[NoC] Adding router and NI at position x=22 y=5
[NoC] Adding router and NI at position x=23 y=5
[NoC] Adding router and NI at position x=24 y=5
[NoC] Adding router and NI at position x=25 y=5
[NoC] Adding router and NI at position x=26 y=5
[NoC] Adding router and NI at position x=27 y=5
[NoC] Adding router and NI at position x=28 y=5
[NoC] Adding router and NI at position x=29 y=5
[NoC] Adding router and NI at position x=30 y=5
[NoC] Adding router and NI at position x=31 y=5
[NoC] Adding router and NI at position x=32 y=5
[NoC] Adding router and NI at position x=1 y=6
[NoC] Adding router and NI at position x=2 y=6
[NoC] Adding router and NI at position x=3 y=6
[NoC] Adding router and NI at position x=4 y=6
[NoC] Adding router and NI at position x=5 y=6
[NoC] Adding router and NI at position x=6 y=6
[NoC] Adding router and NI at position x=7 y=6
[NoC] Adding router and NI at position x=8 y=6
[NoC] Adding router and NI at position x=9 y=6
[NoC] Adding router and NI at position x=10 y=6
[NoC] Adding router and NI at position x=11 y=6
[NoC] Adding router and NI at position x=12 y=6
[NoC] Adding router and NI at position x=13 y=6
[NoC] Adding router and NI at position x=14 y=6
[NoC] Adding router and NI at position x=15 y=6
[NoC] Adding router and NI at position x=16 y=6
[NoC] Adding router and NI at position x=17 y=6
[NoC] Adding router and NI at position x=18 y=6
[NoC] Adding router and NI at position x=19 y=6
[NoC] Adding router and NI at position x=20 y=6
[NoC] Adding router and NI at position x=21 y=6
[NoC] Adding router and NI at position x=22 y=6
[NoC] Adding router and NI at position x=23 y=6
[NoC] Adding router and NI at position x=24 y=6
[NoC] Adding router and NI at position x=25 y=6
[NoC] Adding router and NI at position x=26 y=6
[NoC] Adding router and NI at position x=27 y=6
[NoC] Adding router and NI at position x=28 y=6
[NoC] Adding router and NI at position x=29 y=6
[NoC] Adding router and NI at position x=30 y=6
[NoC] Adding router and NI at position x=31 y=6
[NoC] Adding router and NI at position x=32 y=6
[NoC] Adding router and NI at position x=1 y=7
[NoC] Adding router and NI at position x=2 y=7
[NoC] Adding router and NI at position x=3 y=7
[NoC] Adding router and NI at position x=4 y=7
[NoC] Adding router and NI at position x=5 y=7
[NoC] Adding router and NI at position x=6 y=7
[NoC] Adding router and NI at position x=7 y=7
[NoC] Adding router and NI at position x=8 y=7
[NoC] Adding router and NI at position x=9 y=7
[NoC] Adding router and NI at position x=10 y=7
[NoC] Adding router and NI at position x=11 y=7
[NoC] Adding router and NI at position x=12 y=7
[NoC] Adding router and NI at position x=13 y=7
[NoC] Adding router and NI at position x=14 y=7
[NoC] Adding router and NI at position x=15 y=7
[NoC] Adding router and NI at position x=16 y=7
[NoC] Adding router and NI at position x=17 y=7
[NoC] Adding router and NI at position x=18 y=7
[NoC] Adding router and NI at position x=19 y=7
[NoC] Adding router and NI at position x=20 y=7
[NoC] Adding router and NI at position x=21 y=7
[NoC] Adding router and NI at position x=22 y=7
[NoC] Adding router and NI at position x=23 y=7
[NoC] Adding router and NI at position x=24 y=7
[NoC] Adding router and NI at position x=25 y=7
[NoC] Adding router and NI at position x=26 y=7
[NoC] Adding router and NI at position x=27 y=7
[NoC] Adding router and NI at position x=28 y=7
[NoC] Adding router and NI at position x=29 y=7
[NoC] Adding router and NI at position x=30 y=7
[NoC] Adding router and NI at position x=31 y=7
[NoC] Adding router and NI at position x=32 y=7
[NoC] Adding router and NI at position x=1 y=8
[NoC] Adding router and NI at position x=2 y=8
[NoC] Adding router and NI at position x=3 y=8
[NoC] Adding router and NI at position x=4 y=8
[NoC] Adding router and NI at position x=5 y=8
[NoC] Adding router and NI at position x=6 y=8
[NoC] Adding router and NI at position x=7 y=8
[NoC] Adding router and NI at position x=8 y=8
[NoC] Adding router and NI at position x=9 y=8
[NoC] Adding router and NI at position x=10 y=8
[NoC] Adding router and NI at position x=11 y=8
[NoC] Adding router and NI at position x=12 y=8
[NoC] Adding router and NI at position x=13 y=8
[NoC] Adding router and NI at position x=14 y=8
[NoC] Adding router and NI at position x=15 y=8
[NoC] Adding router and NI at position x=16 y=8
[NoC] Adding router and NI at position x=17 y=8
[NoC] Adding router and NI at position x=18 y=8
[NoC] Adding router and NI at position x=19 y=8
[NoC] Adding router and NI at position x=20 y=8
[NoC] Adding router and NI at position x=21 y=8
[NoC] Adding router and NI at position x=22 y=8
[NoC] Adding router and NI at position x=23 y=8
[NoC] Adding router and NI at position x=24 y=8
[NoC] Adding router and NI at position x=25 y=8
[NoC] Adding router and NI at position x=26 y=8
[NoC] Adding router and NI at position x=27 y=8
[NoC] Adding router and NI at position x=28 y=8
[NoC] Adding router and NI at position x=29 y=8
[NoC] Adding router and NI at position x=30 y=8
[NoC] Adding router and NI at position x=31 y=8
[NoC] Adding router and NI at position x=32 y=8
[NoC] Adding router and NI at position x=1 y=9
[NoC] Adding router and NI at position x=2 y=9
[NoC] Adding router and NI at position x=3 y=9
[NoC] Adding router and NI at position x=4 y=9
[NoC] Adding router and NI at position x=5 y=9
[NoC] Adding router and NI at position x=6 y=9
[NoC] Adding router and NI at position x=7 y=9
[NoC] Adding router and NI at position x=8 y=9
[NoC] Adding router and NI at position x=9 y=9
[NoC] Adding router and NI at position x=10 y=9
[NoC] Adding router and NI at position x=11 y=9
[NoC] Adding router and NI at position x=12 y=9
[NoC] Adding router and NI at position x=13 y=9
[NoC] Adding router and NI at position x=14 y=9
[NoC] Adding router and NI at position x=15 y=9
[NoC] Adding router and NI at position x=16 y=9
[NoC] Adding router and NI at position x=17 y=9
[NoC] Adding router and NI at position x=18 y=9
[NoC] Adding router and NI at position x=19 y=9
[NoC] Adding router and NI at position x=20 y=9
[NoC] Adding router and NI at position x=21 y=9
[NoC] Adding router and NI at position x=22 y=9
[NoC] Adding router and NI at position x=23 y=9
[NoC] Adding router and NI at position x=24 y=9
[NoC] Adding router and NI at position x=25 y=9
[NoC] Adding router and NI at position x=26 y=9
[NoC] Adding router and NI at position x=27 y=9
[NoC] Adding router and NI at position x=28 y=9
[NoC] Adding router and NI at position x=29 y=9
[NoC] Adding router and NI at position x=30 y=9
[NoC] Adding router and NI at position x=31 y=9
[NoC] Adding router and NI at position x=32 y=9
[NoC] Adding router and NI at position x=1 y=10
[NoC] Adding router and NI at position x=2 y=10
[NoC] Adding router and NI at position x=3 y=10
[NoC] Adding router and NI at position x=4 y=10
[NoC] Adding router and NI at position x=5 y=10
[NoC] Adding router and NI at position x=6 y=10
[NoC] Adding router and NI at position x=7 y=10
[NoC] Adding router and NI at position x=8 y=10
[NoC] Adding router and NI at position x=9 y=10
[NoC] Adding router and NI at position x=10 y=10
[NoC] Adding router and NI at position x=11 y=10
[NoC] Adding router and NI at position x=12 y=10
[NoC] Adding router and NI at position x=13 y=10
[NoC] Adding router and NI at position x=14 y=10
[NoC] Adding router and NI at position x=15 y=10
[NoC] Adding router and NI at position x=16 y=10
[NoC] Adding router and NI at position x=17 y=10
[NoC] Adding router and NI at position x=18 y=10
[NoC] Adding router and NI at position x=19 y=10
[NoC] Adding router and NI at position x=20 y=10
[NoC] Adding router and NI at position x=21 y=10
[NoC] Adding router and NI at position x=22 y=10
[NoC] Adding router and NI at position x=23 y=10
[NoC] Adding router and NI at position x=24 y=10
[NoC] Adding router and NI at position x=25 y=10
[NoC] Adding router and NI at position x=26 y=10
[NoC] Adding router and NI at position x=27 y=10
[NoC] Adding router and NI at position x=28 y=10
[NoC] Adding router and NI at position x=29 y=10
[NoC] Adding router and NI at position x=30 y=10
[NoC] Adding router and NI at position x=31 y=10
[NoC] Adding router and NI at position x=32 y=10
[NoC] Adding router and NI at position x=1 y=11
[NoC] Adding router and NI at position x=2 y=11
[NoC] Adding router and NI at position x=3 y=11
[NoC] Adding router and NI at position x=4 y=11
[NoC] Adding router and NI at position x=5 y=11
[NoC] Adding router and NI at position x=6 y=11
[NoC] Adding router and NI at position x=7 y=11
[NoC] Adding router and NI at position x=8 y=11
[NoC] Adding router and NI at position x=9 y=11
[NoC] Adding router and NI at position x=10 y=11
[NoC] Adding router and NI at position x=11 y=11
[NoC] Adding router and NI at position x=12 y=11
[NoC] Adding router and NI at position x=13 y=11
[NoC] Adding router and NI at position x=14 y=11
[NoC] Adding router and NI at position x=15 y=11
[NoC] Adding router and NI at position x=16 y=11
[NoC] Adding router and NI at position x=17 y=11
[NoC] Adding router and NI at position x=18 y=11
[NoC] Adding router and NI at position x=19 y=11
[NoC] Adding router and NI at position x=20 y=11
[NoC] Adding router and NI at position x=21 y=11
[NoC] Adding router and NI at position x=22 y=11
[NoC] Adding router and NI at position x=23 y=11
[NoC] Adding router and NI at position x=24 y=11
[NoC] Adding router and NI at position x=25 y=11
[NoC] Adding router and NI at position x=26 y=11
[NoC] Adding router and NI at position x=27 y=11
[NoC] Adding router and NI at position x=28 y=11
[NoC] Adding router and NI at position x=29 y=11
[NoC] Adding router and NI at position x=30 y=11
[NoC] Adding router and NI at position x=31 y=11
[NoC] Adding router and NI at position x=32 y=11
[NoC] Adding router and NI at position x=1 y=12
[NoC] Adding router and NI at position x=2 y=12
[NoC] Adding router and NI at position x=3 y=12
[NoC] Adding router and NI at position x=4 y=12
[NoC] Adding router and NI at position x=5 y=12
[NoC] Adding router and NI at position x=6 y=12
[NoC] Adding router and NI at position x=7 y=12
[NoC] Adding router and NI at position x=8 y=12
[NoC] Adding router and NI at position x=9 y=12
[NoC] Adding router and NI at position x=10 y=12
[NoC] Adding router and NI at position x=11 y=12
[NoC] Adding router and NI at position x=12 y=12
[NoC] Adding router and NI at position x=13 y=12
[NoC] Adding router and NI at position x=14 y=12
[NoC] Adding router and NI at position x=15 y=12
[NoC] Adding router and NI at position x=16 y=12
[NoC] Adding router and NI at position x=17 y=12
[NoC] Adding router and NI at position x=18 y=12
[NoC] Adding router and NI at position x=19 y=12
[NoC] Adding router and NI at position x=20 y=12
[NoC] Adding router and NI at position x=21 y=12
[NoC] Adding router and NI at position x=22 y=12
[NoC] Adding router and NI at position x=23 y=12
[NoC] Adding router and NI at position x=24 y=12
[NoC] Adding router and NI at position x=25 y=12
[NoC] Adding router and NI at position x=26 y=12
[NoC] Adding router and NI at position x=27 y=12
[NoC] Adding router and NI at position x=28 y=12
[NoC] Adding router and NI at position x=29 y=12
[NoC] Adding router and NI at position x=30 y=12
[NoC] Adding router and NI at position x=31 y=12
[NoC] Adding router and NI at position x=32 y=12
[NoC] Adding router and NI at position x=1 y=13
[NoC] Adding router and NI at position x=2 y=13
[NoC] Adding router and NI at position x=3 y=13
[NoC] Adding router and NI at position x=4 y=13
[NoC] Adding router and NI at position x=5 y=13
[NoC] Adding router and NI at position x=6 y=13
[NoC] Adding router and NI at position x=7 y=13
[NoC] Adding router and NI at position x=8 y=13
[NoC] Adding router and NI at position x=9 y=13
[NoC] Adding router and NI at position x=10 y=13
[NoC] Adding router and NI at position x=11 y=13
[NoC] Adding router and NI at position x=12 y=13
[NoC] Adding router and NI at position x=13 y=13
[NoC] Adding router and NI at position x=14 y=13
[NoC] Adding router and NI at position x=15 y=13
[NoC] Adding router and NI at position x=16 y=13
[NoC] Adding router and NI at position x=17 y=13
[NoC] Adding router and NI at position x=18 y=13
[NoC] Adding router and NI at position x=19 y=13
[NoC] Adding router and NI at position x=20 y=13
[NoC] Adding router and NI at position x=21 y=13
[NoC] Adding router and NI at position x=22 y=13
[NoC] Adding router and NI at position x=23 y=13
[NoC] Adding router and NI at position x=24 y=13
[NoC] Adding router and NI at position x=25 y=13
[NoC] Adding router and NI at position x=26 y=13
[NoC] Adding router and NI at position x=27 y=13
[NoC] Adding router and NI at position x=28 y=13
[NoC] Adding router and NI at position x=29 y=13
[NoC] Adding router and NI at position x=30 y=13
[NoC] Adding router and NI at position x=31 y=13
[NoC] Adding router and NI at position x=32 y=13
[NoC] Adding router and NI at position x=1 y=14
[NoC] Adding router and NI at position x=2 y=14
[NoC] Adding router and NI at position x=3 y=14
[NoC] Adding router and NI at position x=4 y=14
[NoC] Adding router and NI at position x=5 y=14
[NoC] Adding router and NI at position x=6 y=14
[NoC] Adding router and NI at position x=7 y=14
[NoC] Adding router and NI at position x=8 y=14
[NoC] Adding router and NI at position x=9 y=14
[NoC] Adding router and NI at position x=10 y=14
[NoC] Adding router and NI at position x=11 y=14
[NoC] Adding router and NI at position x=12 y=14
[NoC] Adding router and NI at position x=13 y=14
[NoC] Adding router and NI at position x=14 y=14
[NoC] Adding router and NI at position x=15 y=14
[NoC] Adding router and NI at position x=16 y=14
[NoC] Adding router and NI at position x=17 y=14
[NoC] Adding router and NI at position x=18 y=14
[NoC] Adding router and NI at position x=19 y=14
[NoC] Adding router and NI at position x=20 y=14
[NoC] Adding router and NI at position x=21 y=14
[NoC] Adding router and NI at position x=22 y=14
[NoC] Adding router and NI at position x=23 y=14
[NoC] Adding router and NI at position x=24 y=14
[NoC] Adding router and NI at position x=25 y=14
[NoC] Adding router and NI at position x=26 y=14
[NoC] Adding router and NI at position x=27 y=14
[NoC] Adding router and NI at position x=28 y=14
[NoC] Adding router and NI at position x=29 y=14
[NoC] Adding router and NI at position x=30 y=14
[NoC] Adding router and NI at position x=31 y=14
[NoC] Adding router and NI at position x=32 y=14
[NoC] Adding router and NI at position x=1 y=15
[NoC] Adding router and NI at position x=2 y=15
[NoC] Adding router and NI at position x=3 y=15
[NoC] Adding router and NI at position x=4 y=15
[NoC] Adding router and NI at position x=5 y=15
[NoC] Adding router and NI at position x=6 y=15
[NoC] Adding router and NI at position x=7 y=15
[NoC] Adding router and NI at position x=8 y=15
[NoC] Adding router and NI at position x=9 y=15
[NoC] Adding router and NI at position x=10 y=15
[NoC] Adding router and NI at position x=11 y=15
[NoC] Adding router and NI at position x=12 y=15
[NoC] Adding router and NI at position x=13 y=15
[NoC] Adding router and NI at position x=14 y=15
[NoC] Adding router and NI at position x=15 y=15
[NoC] Adding router and NI at position x=16 y=15
[NoC] Adding router and NI at position x=17 y=15
[NoC] Adding router and NI at position x=18 y=15
[NoC] Adding router and NI at position x=19 y=15
[NoC] Adding router and NI at position x=20 y=15
[NoC] Adding router and NI at position x=21 y=15
[NoC] Adding router and NI at position x=22 y=15
[NoC] Adding router and NI at position x=23 y=15
[NoC] Adding router and NI at position x=24 y=15
[NoC] Adding router and NI at position x=25 y=15
[NoC] Adding router and NI at position x=26 y=15
[NoC] Adding router and NI at position x=27 y=15
[NoC] Adding router and NI at position x=28 y=15
[NoC] Adding router and NI at position x=29 y=15
[NoC] Adding router and NI at position x=30 y=15
[NoC] Adding router and NI at position x=31 y=15
[NoC] Adding router and NI at position x=32 y=15
[NoC] Adding router and NI at position x=1 y=16
[NoC] Adding router and NI at position x=2 y=16
[NoC] Adding router and NI at position x=3 y=16
[NoC] Adding router and NI at position x=4 y=16
[NoC] Adding router and NI at position x=5 y=16
[NoC] Adding router and NI at position x=6 y=16
[NoC] Adding router and NI at position x=7 y=16
[NoC] Adding router and NI at position x=8 y=16
[NoC] Adding router and NI at position x=9 y=16
[NoC] Adding router and NI at position x=10 y=16
[NoC] Adding router and NI at position x=11 y=16
[NoC] Adding router and NI at position x=12 y=16
[NoC] Adding router and NI at position x=13 y=16
[NoC] Adding router and NI at position x=14 y=16
[NoC] Adding router and NI at position x=15 y=16
[NoC] Adding router and NI at position x=16 y=16
[NoC] Adding router and NI at position x=17 y=16
[NoC] Adding router and NI at position x=18 y=16
[NoC] Adding router and NI at position x=19 y=16
[NoC] Adding router and NI at position x=20 y=16
[NoC] Adding router and NI at position x=21 y=16
[NoC] Adding router and NI at position x=22 y=16
[NoC] Adding router and NI at position x=23 y=16
[NoC] Adding router and NI at position x=24 y=16
[NoC] Adding router and NI at position x=25 y=16
[NoC] Adding router and NI at position x=26 y=16
[NoC] Adding router and NI at position x=27 y=16
[NoC] Adding router and NI at position x=28 y=16
[NoC] Adding router and NI at position x=29 y=16
[NoC] Adding router and NI at position x=30 y=16
[NoC] Adding router and NI at position x=31 y=16
[NoC] Adding router and NI at position x=32 y=16
[NoC] Adding router and NI at position x=1 y=17
[NoC] Adding router and NI at position x=2 y=17
[NoC] Adding router and NI at position x=3 y=17
[NoC] Adding router and NI at position x=4 y=17
[NoC] Adding router and NI at position x=5 y=17
[NoC] Adding router and NI at position x=6 y=17
[NoC] Adding router and NI at position x=7 y=17
[NoC] Adding router and NI at position x=8 y=17
[NoC] Adding router and NI at position x=9 y=17
[NoC] Adding router and NI at position x=10 y=17
[NoC] Adding router and NI at position x=11 y=17
[NoC] Adding router and NI at position x=12 y=17
[NoC] Adding router and NI at position x=13 y=17
[NoC] Adding router and NI at position x=14 y=17
[NoC] Adding router and NI at position x=15 y=17
[NoC] Adding router and NI at position x=16 y=17
[NoC] Adding router and NI at position x=17 y=17
[NoC] Adding router and NI at position x=18 y=17
[NoC] Adding router and NI at position x=19 y=17
[NoC] Adding router and NI at position x=20 y=17
[NoC] Adding router and NI at position x=21 y=17
[NoC] Adding router and NI at position x=22 y=17
[NoC] Adding router and NI at position x=23 y=17
[NoC] Adding router and NI at position x=24 y=17
[NoC] Adding router and NI at position x=25 y=17
[NoC] Adding router and NI at position x=26 y=17
[NoC] Adding router and NI at position x=27 y=17
[NoC] Adding router and NI at position x=28 y=17
[NoC] Adding router and NI at position x=29 y=17
[NoC] Adding router and NI at position x=30 y=17
[NoC] Adding router and NI at position x=31 y=17
[NoC] Adding router and NI at position x=32 y=17
[NoC] Adding router and NI at position x=1 y=18
[NoC] Adding router and NI at position x=2 y=18
[NoC] Adding router and NI at position x=3 y=18
[NoC] Adding router and NI at position x=4 y=18
[NoC] Adding router and NI at position x=5 y=18
[NoC] Adding router and NI at position x=6 y=18
[NoC] Adding router and NI at position x=7 y=18
[NoC] Adding router and NI at position x=8 y=18
[NoC] Adding router and NI at position x=9 y=18
[NoC] Adding router and NI at position x=10 y=18
[NoC] Adding router and NI at position x=11 y=18
[NoC] Adding router and NI at position x=12 y=18
[NoC] Adding router and NI at position x=13 y=18
[NoC] Adding router and NI at position x=14 y=18
[NoC] Adding router and NI at position x=15 y=18
[NoC] Adding router and NI at position x=16 y=18
[NoC] Adding router and NI at position x=17 y=18
[NoC] Adding router and NI at position x=18 y=18
[NoC] Adding router and NI at position x=19 y=18
[NoC] Adding router and NI at position x=20 y=18
[NoC] Adding router and NI at position x=21 y=18
[NoC] Adding router and NI at position x=22 y=18
[NoC] Adding router and NI at position x=23 y=18
[NoC] Adding router and NI at position x=24 y=18
[NoC] Adding router and NI at position x=25 y=18
[NoC] Adding router and NI at position x=26 y=18
[NoC] Adding router and NI at position x=27 y=18
[NoC] Adding router and NI at position x=28 y=18
[NoC] Adding router and NI at position x=29 y=18
[NoC] Adding router and NI at position x=30 y=18
[NoC] Adding router and NI at position x=31 y=18
[NoC] Adding router and NI at position x=32 y=18
[NoC] Adding router and NI at position x=1 y=19
[NoC] Adding router and NI at position x=2 y=19
[NoC] Adding router and NI at position x=3 y=19
[NoC] Adding router and NI at position x=4 y=19
[NoC] Adding router and NI at position x=5 y=19
[NoC] Adding router and NI at position x=6 y=19
[NoC] Adding router and NI at position x=7 y=19
[NoC] Adding router and NI at position x=8 y=19
[NoC] Adding router and NI at position x=9 y=19
[NoC] Adding router and NI at position x=10 y=19
[NoC] Adding router and NI at position x=11 y=19
[NoC] Adding router and NI at position x=12 y=19
[NoC] Adding router and NI at position x=13 y=19
[NoC] Adding router and NI at position x=14 y=19
[NoC] Adding router and NI at position x=15 y=19
[NoC] Adding router and NI at position x=16 y=19
[NoC] Adding router and NI at position x=17 y=19
[NoC] Adding router and NI at position x=18 y=19
[NoC] Adding router and NI at position x=19 y=19
[NoC] Adding router and NI at position x=20 y=19
[NoC] Adding router and NI at position x=21 y=19
[NoC] Adding router and NI at position x=22 y=19
[NoC] Adding router and NI at position x=23 y=19
[NoC] Adding router and NI at position x=24 y=19
[NoC] Adding router and NI at position x=25 y=19
[NoC] Adding router and NI at position x=26 y=19
[NoC] Adding router and NI at position x=27 y=19
[NoC] Adding router and NI at position x=28 y=19
[NoC] Adding router and NI at position x=29 y=19
[NoC] Adding router and NI at position x=30 y=19
[NoC] Adding router and NI at position x=31 y=19
[NoC] Adding router and NI at position x=32 y=19
[NoC] Adding router and NI at position x=1 y=20
[NoC] Adding router and NI at position x=2 y=20
[NoC] Adding router and NI at position x=3 y=20
[NoC] Adding router and NI at position x=4 y=20
[NoC] Adding router and NI at position x=5 y=20
[NoC] Adding router and NI at position x=6 y=20
[NoC] Adding router and NI at position x=7 y=20
[NoC] Adding router and NI at position x=8 y=20
[NoC] Adding router and NI at position x=9 y=20
[NoC] Adding router and NI at position x=10 y=20
[NoC] Adding router and NI at position x=11 y=20
[NoC] Adding router and NI at position x=12 y=20
[NoC] Adding router and NI at position x=13 y=20
[NoC] Adding router and NI at position x=14 y=20
[NoC] Adding router and NI at position x=15 y=20
[NoC] Adding router and NI at position x=16 y=20
[NoC] Adding router and NI at position x=17 y=20
[NoC] Adding router and NI at position x=18 y=20
[NoC] Adding router and NI at position x=19 y=20
[NoC] Adding router and NI at position x=20 y=20
[NoC] Adding router and NI at position x=21 y=20
[NoC] Adding router and NI at position x=22 y=20
[NoC] Adding router and NI at position x=23 y=20
[NoC] Adding router and NI at position x=24 y=20
[NoC] Adding router and NI at position x=25 y=20
[NoC] Adding router and NI at position x=26 y=20
[NoC] Adding router and NI at position x=27 y=20
[NoC] Adding router and NI at position x=28 y=20
[NoC] Adding router and NI at position x=29 y=20
[NoC] Adding router and NI at position x=30 y=20
[NoC] Adding router and NI at position x=31 y=20
[NoC] Adding router and NI at position x=32 y=20
[NoC] Adding router and NI at position x=1 y=21
[NoC] Adding router and NI at position x=2 y=21
[NoC] Adding router and NI at position x=3 y=21
[NoC] Adding router and NI at position x=4 y=21
[NoC] Adding router and NI at position x=5 y=21
[NoC] Adding router and NI at position x=6 y=21
[NoC] Adding router and NI at position x=7 y=21
[NoC] Adding router and NI at position x=8 y=21
[NoC] Adding router and NI at position x=9 y=21
[NoC] Adding router and NI at position x=10 y=21
[NoC] Adding router and NI at position x=11 y=21
[NoC] Adding router and NI at position x=12 y=21
[NoC] Adding router and NI at position x=13 y=21
[NoC] Adding router and NI at position x=14 y=21
[NoC] Adding router and NI at position x=15 y=21
[NoC] Adding router and NI at position x=16 y=21
[NoC] Adding router and NI at position x=17 y=21
[NoC] Adding router and NI at position x=18 y=21
[NoC] Adding router and NI at position x=19 y=21
[NoC] Adding router and NI at position x=20 y=21
[NoC] Adding router and NI at position x=21 y=21
[NoC] Adding router and NI at position x=22 y=21
[NoC] Adding router and NI at position x=23 y=21
[NoC] Adding router and NI at position x=24 y=21
[NoC] Adding router and NI at position x=25 y=21
[NoC] Adding router and NI at position x=26 y=21
[NoC] Adding router and NI at position x=27 y=21
[NoC] Adding router and NI at position x=28 y=21
[NoC] Adding router and NI at position x=29 y=21
[NoC] Adding router and NI at position x=30 y=21
[NoC] Adding router and NI at position x=31 y=21
[NoC] Adding router and NI at position x=32 y=21
[NoC] Adding router and NI at position x=1 y=22
[NoC] Adding router and NI at position x=2 y=22
[NoC] Adding router and NI at position x=3 y=22
[NoC] Adding router and NI at position x=4 y=22
[NoC] Adding router and NI at position x=5 y=22
[NoC] Adding router and NI at position x=6 y=22
[NoC] Adding router and NI at position x=7 y=22
[NoC] Adding router and NI at position x=8 y=22
[NoC] Adding router and NI at position x=9 y=22
[NoC] Adding router and NI at position x=10 y=22
[NoC] Adding router and NI at position x=11 y=22
[NoC] Adding router and NI at position x=12 y=22
[NoC] Adding router and NI at position x=13 y=22
[NoC] Adding router and NI at position x=14 y=22
[NoC] Adding router and NI at position x=15 y=22
[NoC] Adding router and NI at position x=16 y=22
[NoC] Adding router and NI at position x=17 y=22
[NoC] Adding router and NI at position x=18 y=22
[NoC] Adding router and NI at position x=19 y=22
[NoC] Adding router and NI at position x=20 y=22
[NoC] Adding router and NI at position x=21 y=22
[NoC] Adding router and NI at position x=22 y=22
[NoC] Adding router and NI at position x=23 y=22
[NoC] Adding router and NI at position x=24 y=22
[NoC] Adding router and NI at position x=25 y=22
[NoC] Adding router and NI at position x=26 y=22
[NoC] Adding router and NI at position x=27 y=22
[NoC] Adding router and NI at position x=28 y=22
[NoC] Adding router and NI at position x=29 y=22
[NoC] Adding router and NI at position x=30 y=22
[NoC] Adding router and NI at position x=31 y=22
[NoC] Adding router and NI at position x=32 y=22
[NoC] Adding router and NI at position x=1 y=23
[NoC] Adding router and NI at position x=2 y=23
[NoC] Adding router and NI at position x=3 y=23
[NoC] Adding router and NI at position x=4 y=23
[NoC] Adding router and NI at position x=5 y=23
[NoC] Adding router and NI at position x=6 y=23
[NoC] Adding router and NI at position x=7 y=23
[NoC] Adding router and NI at position x=8 y=23
[NoC] Adding router and NI at position x=9 y=23
[NoC] Adding router and NI at position x=10 y=23
[NoC] Adding router and NI at position x=11 y=23
[NoC] Adding router and NI at position x=12 y=23
[NoC] Adding router and NI at position x=13 y=23
[NoC] Adding router and NI at position x=14 y=23
[NoC] Adding router and NI at position x=15 y=23
[NoC] Adding router and NI at position x=16 y=23
[NoC] Adding router and NI at position x=17 y=23
[NoC] Adding router and NI at position x=18 y=23
[NoC] Adding router and NI at position x=19 y=23
[NoC] Adding router and NI at position x=20 y=23
[NoC] Adding router and NI at position x=21 y=23
[NoC] Adding router and NI at position x=22 y=23
[NoC] Adding router and NI at position x=23 y=23
[NoC] Adding router and NI at position x=24 y=23
[NoC] Adding router and NI at position x=25 y=23
[NoC] Adding router and NI at position x=26 y=23
[NoC] Adding router and NI at position x=27 y=23
[NoC] Adding router and NI at position x=28 y=23
[NoC] Adding router and NI at position x=29 y=23
[NoC] Adding router and NI at position x=30 y=23
[NoC] Adding router and NI at position x=31 y=23
[NoC] Adding router and NI at position x=32 y=23
[NoC] Adding router and NI at position x=1 y=24
[NoC] Adding router and NI at position x=2 y=24
[NoC] Adding router and NI at position x=3 y=24
[NoC] Adding router and NI at position x=4 y=24
[NoC] Adding router and NI at position x=5 y=24
[NoC] Adding router and NI at position x=6 y=24
[NoC] Adding router and NI at position x=7 y=24
[NoC] Adding router and NI at position x=8 y=24
[NoC] Adding router and NI at position x=9 y=24
[NoC] Adding router and NI at position x=10 y=24
[NoC] Adding router and NI at position x=11 y=24
[NoC] Adding router and NI at position x=12 y=24
[NoC] Adding router and NI at position x=13 y=24
[NoC] Adding router and NI at position x=14 y=24
[NoC] Adding router and NI at position x=15 y=24
[NoC] Adding router and NI at position x=16 y=24
[NoC] Adding router and NI at position x=17 y=24
[NoC] Adding router and NI at position x=18 y=24
[NoC] Adding router and NI at position x=19 y=24
[NoC] Adding router and NI at position x=20 y=24
[NoC] Adding router and NI at position x=21 y=24
[NoC] Adding router and NI at position x=22 y=24
[NoC] Adding router and NI at position x=23 y=24
[NoC] Adding router and NI at position x=24 y=24
[NoC] Adding router and NI at position x=25 y=24
[NoC] Adding router and NI at position x=26 y=24
[NoC] Adding router and NI at position x=27 y=24
[NoC] Adding router and NI at position x=28 y=24
[NoC] Adding router and NI at position x=29 y=24
[NoC] Adding router and NI at position x=30 y=24
[NoC] Adding router and NI at position x=31 y=24
[NoC] Adding router and NI at position x=32 y=24
[NoC] Adding router and NI at position x=1 y=25
[NoC] Adding router and NI at position x=2 y=25
[NoC] Adding router and NI at position x=3 y=25
[NoC] Adding router and NI at position x=4 y=25
[NoC] Adding router and NI at position x=5 y=25
[NoC] Adding router and NI at position x=6 y=25
[NoC] Adding router and NI at position x=7 y=25
[NoC] Adding router and NI at position x=8 y=25
[NoC] Adding router and NI at position x=9 y=25
[NoC] Adding router and NI at position x=10 y=25
[NoC] Adding router and NI at position x=11 y=25
[NoC] Adding router and NI at position x=12 y=25
[NoC] Adding router and NI at position x=13 y=25
[NoC] Adding router and NI at position x=14 y=25
[NoC] Adding router and NI at position x=15 y=25
[NoC] Adding router and NI at position x=16 y=25
[NoC] Adding router and NI at position x=17 y=25
[NoC] Adding router and NI at position x=18 y=25
[NoC] Adding router and NI at position x=19 y=25
[NoC] Adding router and NI at position x=20 y=25
[NoC] Adding router and NI at position x=21 y=25
[NoC] Adding router and NI at position x=22 y=25
[NoC] Adding router and NI at position x=23 y=25
[NoC] Adding router and NI at position x=24 y=25
[NoC] Adding router and NI at position x=25 y=25
[NoC] Adding router and NI at position x=26 y=25
[NoC] Adding router and NI at position x=27 y=25
[NoC] Adding router and NI at position x=28 y=25
[NoC] Adding router and NI at position x=29 y=25
[NoC] Adding router and NI at position x=30 y=25
[NoC] Adding router and NI at position x=31 y=25
[NoC] Adding router and NI at position x=32 y=25
[NoC] Adding router and NI at position x=1 y=26
[NoC] Adding router and NI at position x=2 y=26
[NoC] Adding router and NI at position x=3 y=26
[NoC] Adding router and NI at position x=4 y=26
[NoC] Adding router and NI at position x=5 y=26
[NoC] Adding router and NI at position x=6 y=26
[NoC] Adding router and NI at position x=7 y=26
[NoC] Adding router and NI at position x=8 y=26
[NoC] Adding router and NI at position x=9 y=26
[NoC] Adding router and NI at position x=10 y=26
[NoC] Adding router and NI at position x=11 y=26
[NoC] Adding router and NI at position x=12 y=26
[NoC] Adding router and NI at position x=13 y=26
[NoC] Adding router and NI at position x=14 y=26
[NoC] Adding router and NI at position x=15 y=26
[NoC] Adding router and NI at position x=16 y=26
[NoC] Adding router and NI at position x=17 y=26
[NoC] Adding router and NI at position x=18 y=26
[NoC] Adding router and NI at position x=19 y=26
[NoC] Adding router and NI at position x=20 y=26
[NoC] Adding router and NI at position x=21 y=26
[NoC] Adding router and NI at position x=22 y=26
[NoC] Adding router and NI at position x=23 y=26
[NoC] Adding router and NI at position x=24 y=26
[NoC] Adding router and NI at position x=25 y=26
[NoC] Adding router and NI at position x=26 y=26
[NoC] Adding router and NI at position x=27 y=26
[NoC] Adding router and NI at position x=28 y=26
[NoC] Adding router and NI at position x=29 y=26
[NoC] Adding router and NI at position x=30 y=26
[NoC] Adding router and NI at position x=31 y=26
[NoC] Adding router and NI at position x=32 y=26
[NoC] Adding router and NI at position x=1 y=27
[NoC] Adding router and NI at position x=2 y=27
[NoC] Adding router and NI at position x=3 y=27
[NoC] Adding router and NI at position x=4 y=27
[NoC] Adding router and NI at position x=5 y=27
[NoC] Adding router and NI at position x=6 y=27
[NoC] Adding router and NI at position x=7 y=27
[NoC] Adding router and NI at position x=8 y=27
[NoC] Adding router and NI at position x=9 y=27
[NoC] Adding router and NI at position x=10 y=27
[NoC] Adding router and NI at position x=11 y=27
[NoC] Adding router and NI at position x=12 y=27
[NoC] Adding router and NI at position x=13 y=27
[NoC] Adding router and NI at position x=14 y=27
[NoC] Adding router and NI at position x=15 y=27
[NoC] Adding router and NI at position x=16 y=27
[NoC] Adding router and NI at position x=17 y=27
[NoC] Adding router and NI at position x=18 y=27
[NoC] Adding router and NI at position x=19 y=27
[NoC] Adding router and NI at position x=20 y=27
[NoC] Adding router and NI at position x=21 y=27
[NoC] Adding router and NI at position x=22 y=27
[NoC] Adding router and NI at position x=23 y=27
[NoC] Adding router and NI at position x=24 y=27
[NoC] Adding router and NI at position x=25 y=27
[NoC] Adding router and NI at position x=26 y=27
[NoC] Adding router and NI at position x=27 y=27
[NoC] Adding router and NI at position x=28 y=27
[NoC] Adding router and NI at position x=29 y=27
[NoC] Adding router and NI at position x=30 y=27
[NoC] Adding router and NI at position x=31 y=27
[NoC] Adding router and NI at position x=32 y=27
[NoC] Adding router and NI at position x=1 y=28
[NoC] Adding router and NI at position x=2 y=28
[NoC] Adding router and NI at position x=3 y=28
[NoC] Adding router and NI at position x=4 y=28
[NoC] Adding router and NI at position x=5 y=28
[NoC] Adding router and NI at position x=6 y=28
[NoC] Adding router and NI at position x=7 y=28
[NoC] Adding router and NI at position x=8 y=28
[NoC] Adding router and NI at position x=9 y=28
[NoC] Adding router and NI at position x=10 y=28
[NoC] Adding router and NI at position x=11 y=28
[NoC] Adding router and NI at position x=12 y=28
[NoC] Adding router and NI at position x=13 y=28
[NoC] Adding router and NI at position x=14 y=28
[NoC] Adding router and NI at position x=15 y=28
[NoC] Adding router and NI at position x=16 y=28
[NoC] Adding router and NI at position x=17 y=28
[NoC] Adding router and NI at position x=18 y=28
[NoC] Adding router and NI at position x=19 y=28
[NoC] Adding router and NI at position x=20 y=28
[NoC] Adding router and NI at position x=21 y=28
[NoC] Adding router and NI at position x=22 y=28
[NoC] Adding router and NI at position x=23 y=28
[NoC] Adding router and NI at position x=24 y=28
[NoC] Adding router and NI at position x=25 y=28
[NoC] Adding router and NI at position x=26 y=28
[NoC] Adding router and NI at position x=27 y=28
[NoC] Adding router and NI at position x=28 y=28
[NoC] Adding router and NI at position x=29 y=28
[NoC] Adding router and NI at position x=30 y=28
[NoC] Adding router and NI at position x=31 y=28
[NoC] Adding router and NI at position x=32 y=28
[NoC] Adding router and NI at position x=1 y=29
[NoC] Adding router and NI at position x=2 y=29
[NoC] Adding router and NI at position x=3 y=29
[NoC] Adding router and NI at position x=4 y=29
[NoC] Adding router and NI at position x=5 y=29
[NoC] Adding router and NI at position x=6 y=29
[NoC] Adding router and NI at position x=7 y=29
[NoC] Adding router and NI at position x=8 y=29
[NoC] Adding router and NI at position x=9 y=29
[NoC] Adding router and NI at position x=10 y=29
[NoC] Adding router and NI at position x=11 y=29
[NoC] Adding router and NI at position x=12 y=29
[NoC] Adding router and NI at position x=13 y=29
[NoC] Adding router and NI at position x=14 y=29
[NoC] Adding router and NI at position x=15 y=29
[NoC] Adding router and NI at position x=16 y=29
[NoC] Adding router and NI at position x=17 y=29
[NoC] Adding router and NI at position x=18 y=29
[NoC] Adding router and NI at position x=19 y=29
[NoC] Adding router and NI at position x=20 y=29
[NoC] Adding router and NI at position x=21 y=29
[NoC] Adding router and NI at position x=22 y=29
[NoC] Adding router and NI at position x=23 y=29
[NoC] Adding router and NI at position x=24 y=29
[NoC] Adding router and NI at position x=25 y=29
[NoC] Adding router and NI at position x=26 y=29
[NoC] Adding router and NI at position x=27 y=29
[NoC] Adding router and NI at position x=28 y=29
[NoC] Adding router and NI at position x=29 y=29
[NoC] Adding router and NI at position x=30 y=29
[NoC] Adding router and NI at position x=31 y=29
[NoC] Adding router and NI at position x=32 y=29
[NoC] Adding router and NI at position x=1 y=30
[NoC] Adding router and NI at position x=2 y=30
[NoC] Adding router and NI at position x=3 y=30
[NoC] Adding router and NI at position x=4 y=30
[NoC] Adding router and NI at position x=5 y=30
[NoC] Adding router and NI at position x=6 y=30
[NoC] Adding router and NI at position x=7 y=30
[NoC] Adding router and NI at position x=8 y=30
[NoC] Adding router and NI at position x=9 y=30
[NoC] Adding router and NI at position x=10 y=30
[NoC] Adding router and NI at position x=11 y=30
[NoC] Adding router and NI at position x=12 y=30
[NoC] Adding router and NI at position x=13 y=30
[NoC] Adding router and NI at position x=14 y=30
[NoC] Adding router and NI at position x=15 y=30
[NoC] Adding router and NI at position x=16 y=30
[NoC] Adding router and NI at position x=17 y=30
[NoC] Adding router and NI at position x=18 y=30
[NoC] Adding router and NI at position x=19 y=30
[NoC] Adding router and NI at position x=20 y=30
[NoC] Adding router and NI at position x=21 y=30
[NoC] Adding router and NI at position x=22 y=30
[NoC] Adding router and NI at position x=23 y=30
[NoC] Adding router and NI at position x=24 y=30
[NoC] Adding router and NI at position x=25 y=30
[NoC] Adding router and NI at position x=26 y=30
[NoC] Adding router and NI at position x=27 y=30
[NoC] Adding router and NI at position x=28 y=30
[NoC] Adding router and NI at position x=29 y=30
[NoC] Adding router and NI at position x=30 y=30
[NoC] Adding router and NI at position x=31 y=30
[NoC] Adding router and NI at position x=32 y=30
[NoC] Adding router and NI at position x=1 y=31
[NoC] Adding router and NI at position x=2 y=31
[NoC] Adding router and NI at position x=3 y=31
[NoC] Adding router and NI at position x=4 y=31
[NoC] Adding router and NI at position x=5 y=31
[NoC] Adding router and NI at position x=6 y=31
[NoC] Adding router and NI at position x=7 y=31
[NoC] Adding router and NI at position x=8 y=31
[NoC] Adding router and NI at position x=9 y=31
[NoC] Adding router and NI at position x=10 y=31
[NoC] Adding router and NI at position x=11 y=31
[NoC] Adding router and NI at position x=12 y=31
[NoC] Adding router and NI at position x=13 y=31
[NoC] Adding router and NI at position x=14 y=31
[NoC] Adding router and NI at position x=15 y=31
[NoC] Adding router and NI at position x=16 y=31
[NoC] Adding router and NI at position x=17 y=31
[NoC] Adding router and NI at position x=18 y=31
[NoC] Adding router and NI at position x=19 y=31
[NoC] Adding router and NI at position x=20 y=31
[NoC] Adding router and NI at position x=21 y=31
[NoC] Adding router and NI at position x=22 y=31
[NoC] Adding router and NI at position x=23 y=31
[NoC] Adding router and NI at position x=24 y=31
[NoC] Adding router and NI at position x=25 y=31
[NoC] Adding router and NI at position x=26 y=31
[NoC] Adding router and NI at position x=27 y=31
[NoC] Adding router and NI at position x=28 y=31
[NoC] Adding router and NI at position x=29 y=31
[NoC] Adding router and NI at position x=30 y=31
[NoC] Adding router and NI at position x=31 y=31
[NoC] Adding router and NI at position x=32 y=31
[NoC] L2-NI at position x=0 y=0
[NoC] L2-NI at position x=0 y=1
[NoC] L2-NI at position x=0 y=2
[NoC] L2-NI at position x=0 y=3
[NoC] L2-NI at position x=0 y=4
[NoC] L2-NI at position x=0 y=5
[NoC] L2-NI at position x=0 y=6
[NoC] L2-NI at position x=0 y=7
[NoC] L2-NI at position x=0 y=8
[NoC] L2-NI at position x=0 y=9
[NoC] L2-NI at position x=0 y=10
[NoC] L2-NI at position x=0 y=11
[NoC] L2-NI at position x=0 y=12
[NoC] L2-NI at position x=0 y=13
[NoC] L2-NI at position x=0 y=14
[NoC] L2-NI at position x=0 y=15
[NoC] L2-NI at position x=0 y=16
[NoC] L2-NI at position x=0 y=17
[NoC] L2-NI at position x=0 y=18
[NoC] L2-NI at position x=0 y=19
[NoC] L2-NI at position x=0 y=20
[NoC] L2-NI at position x=0 y=21
[NoC] L2-NI at position x=0 y=22
[NoC] L2-NI at position x=0 y=23
[NoC] L2-NI at position x=0 y=24
[NoC] L2-NI at position x=0 y=25
[NoC] L2-NI at position x=0 y=26
[NoC] L2-NI at position x=0 y=27
[NoC] L2-NI at position x=0 y=28
[NoC] L2-NI at position x=0 y=29
[NoC] L2-NI at position x=0 y=30
[NoC] L2-NI at position x=0 y=31
[NoC] Adding cluster 0 at position x=1 y=0
[NoC] Adding cluster 1 at position x=2 y=0
[NoC] Adding cluster 2 at position x=3 y=0
[NoC] Adding cluster 3 at position x=4 y=0
[NoC] Adding cluster 4 at position x=5 y=0
[NoC] Adding cluster 5 at position x=6 y=0
[NoC] Adding cluster 6 at position x=7 y=0
[NoC] Adding cluster 7 at position x=8 y=0
[NoC] Adding cluster 8 at position x=9 y=0
[NoC] Adding cluster 9 at position x=10 y=0
[NoC] Adding cluster 10 at position x=11 y=0
[NoC] Adding cluster 11 at position x=12 y=0
[NoC] Adding cluster 12 at position x=13 y=0
[NoC] Adding cluster 13 at position x=14 y=0
[NoC] Adding cluster 14 at position x=15 y=0
[NoC] Adding cluster 15 at position x=16 y=0
[NoC] Adding cluster 16 at position x=17 y=0
[NoC] Adding cluster 17 at position x=18 y=0
[NoC] Adding cluster 18 at position x=19 y=0
[NoC] Adding cluster 19 at position x=20 y=0
[NoC] Adding cluster 20 at position x=21 y=0
[NoC] Adding cluster 21 at position x=22 y=0
[NoC] Adding cluster 22 at position x=23 y=0
[NoC] Adding cluster 23 at position x=24 y=0
[NoC] Adding cluster 24 at position x=25 y=0
[NoC] Adding cluster 25 at position x=26 y=0
[NoC] Adding cluster 26 at position x=27 y=0
[NoC] Adding cluster 27 at position x=28 y=0
[NoC] Adding cluster 28 at position x=29 y=0
[NoC] Adding cluster 29 at position x=30 y=0
[NoC] Adding cluster 30 at position x=31 y=0
[NoC] Adding cluster 31 at position x=32 y=0
[NoC] Adding cluster 32 at position x=1 y=1
[NoC] Adding cluster 33 at position x=2 y=1
[NoC] Adding cluster 34 at position x=3 y=1
[NoC] Adding cluster 35 at position x=4 y=1
[NoC] Adding cluster 36 at position x=5 y=1
[NoC] Adding cluster 37 at position x=6 y=1
[NoC] Adding cluster 38 at position x=7 y=1
[NoC] Adding cluster 39 at position x=8 y=1
[NoC] Adding cluster 40 at position x=9 y=1
[NoC] Adding cluster 41 at position x=10 y=1
[NoC] Adding cluster 42 at position x=11 y=1
[NoC] Adding cluster 43 at position x=12 y=1
[NoC] Adding cluster 44 at position x=13 y=1
[NoC] Adding cluster 45 at position x=14 y=1
[NoC] Adding cluster 46 at position x=15 y=1
[NoC] Adding cluster 47 at position x=16 y=1
[NoC] Adding cluster 48 at position x=17 y=1
[NoC] Adding cluster 49 at position x=18 y=1
[NoC] Adding cluster 50 at position x=19 y=1
[NoC] Adding cluster 51 at position x=20 y=1
[NoC] Adding cluster 52 at position x=21 y=1
[NoC] Adding cluster 53 at position x=22 y=1
[NoC] Adding cluster 54 at position x=23 y=1
[NoC] Adding cluster 55 at position x=24 y=1
[NoC] Adding cluster 56 at position x=25 y=1
[NoC] Adding cluster 57 at position x=26 y=1
[NoC] Adding cluster 58 at position x=27 y=1
[NoC] Adding cluster 59 at position x=28 y=1
[NoC] Adding cluster 60 at position x=29 y=1
[NoC] Adding cluster 61 at position x=30 y=1
[NoC] Adding cluster 62 at position x=31 y=1
[NoC] Adding cluster 63 at position x=32 y=1
[NoC] Adding cluster 64 at position x=1 y=2
[NoC] Adding cluster 65 at position x=2 y=2
[NoC] Adding cluster 66 at position x=3 y=2
[NoC] Adding cluster 67 at position x=4 y=2
[NoC] Adding cluster 68 at position x=5 y=2
[NoC] Adding cluster 69 at position x=6 y=2
[NoC] Adding cluster 70 at position x=7 y=2
[NoC] Adding cluster 71 at position x=8 y=2
[NoC] Adding cluster 72 at position x=9 y=2
[NoC] Adding cluster 73 at position x=10 y=2
[NoC] Adding cluster 74 at position x=11 y=2
[NoC] Adding cluster 75 at position x=12 y=2
[NoC] Adding cluster 76 at position x=13 y=2
[NoC] Adding cluster 77 at position x=14 y=2
[NoC] Adding cluster 78 at position x=15 y=2
[NoC] Adding cluster 79 at position x=16 y=2
[NoC] Adding cluster 80 at position x=17 y=2
[NoC] Adding cluster 81 at position x=18 y=2
[NoC] Adding cluster 82 at position x=19 y=2
[NoC] Adding cluster 83 at position x=20 y=2
[NoC] Adding cluster 84 at position x=21 y=2
[NoC] Adding cluster 85 at position x=22 y=2
[NoC] Adding cluster 86 at position x=23 y=2
[NoC] Adding cluster 87 at position x=24 y=2
[NoC] Adding cluster 88 at position x=25 y=2
[NoC] Adding cluster 89 at position x=26 y=2
[NoC] Adding cluster 90 at position x=27 y=2
[NoC] Adding cluster 91 at position x=28 y=2
[NoC] Adding cluster 92 at position x=29 y=2
[NoC] Adding cluster 93 at position x=30 y=2
[NoC] Adding cluster 94 at position x=31 y=2
[NoC] Adding cluster 95 at position x=32 y=2
[NoC] Adding cluster 96 at position x=1 y=3
[NoC] Adding cluster 97 at position x=2 y=3
[NoC] Adding cluster 98 at position x=3 y=3
[NoC] Adding cluster 99 at position x=4 y=3
[NoC] Adding cluster 100 at position x=5 y=3
[NoC] Adding cluster 101 at position x=6 y=3
[NoC] Adding cluster 102 at position x=7 y=3
[NoC] Adding cluster 103 at position x=8 y=3
[NoC] Adding cluster 104 at position x=9 y=3
[NoC] Adding cluster 105 at position x=10 y=3
[NoC] Adding cluster 106 at position x=11 y=3
[NoC] Adding cluster 107 at position x=12 y=3
[NoC] Adding cluster 108 at position x=13 y=3
[NoC] Adding cluster 109 at position x=14 y=3
[NoC] Adding cluster 110 at position x=15 y=3
[NoC] Adding cluster 111 at position x=16 y=3
[NoC] Adding cluster 112 at position x=17 y=3
[NoC] Adding cluster 113 at position x=18 y=3
[NoC] Adding cluster 114 at position x=19 y=3
[NoC] Adding cluster 115 at position x=20 y=3
[NoC] Adding cluster 116 at position x=21 y=3
[NoC] Adding cluster 117 at position x=22 y=3
[NoC] Adding cluster 118 at position x=23 y=3
[NoC] Adding cluster 119 at position x=24 y=3
[NoC] Adding cluster 120 at position x=25 y=3
[NoC] Adding cluster 121 at position x=26 y=3
[NoC] Adding cluster 122 at position x=27 y=3
[NoC] Adding cluster 123 at position x=28 y=3
[NoC] Adding cluster 124 at position x=29 y=3
[NoC] Adding cluster 125 at position x=30 y=3
[NoC] Adding cluster 126 at position x=31 y=3
[NoC] Adding cluster 127 at position x=32 y=3
[NoC] Adding cluster 128 at position x=1 y=4
[NoC] Adding cluster 129 at position x=2 y=4
[NoC] Adding cluster 130 at position x=3 y=4
[NoC] Adding cluster 131 at position x=4 y=4
[NoC] Adding cluster 132 at position x=5 y=4
[NoC] Adding cluster 133 at position x=6 y=4
[NoC] Adding cluster 134 at position x=7 y=4
[NoC] Adding cluster 135 at position x=8 y=4
[NoC] Adding cluster 136 at position x=9 y=4
[NoC] Adding cluster 137 at position x=10 y=4
[NoC] Adding cluster 138 at position x=11 y=4
[NoC] Adding cluster 139 at position x=12 y=4
[NoC] Adding cluster 140 at position x=13 y=4
[NoC] Adding cluster 141 at position x=14 y=4
[NoC] Adding cluster 142 at position x=15 y=4
[NoC] Adding cluster 143 at position x=16 y=4
[NoC] Adding cluster 144 at position x=17 y=4
[NoC] Adding cluster 145 at position x=18 y=4
[NoC] Adding cluster 146 at position x=19 y=4
[NoC] Adding cluster 147 at position x=20 y=4
[NoC] Adding cluster 148 at position x=21 y=4
[NoC] Adding cluster 149 at position x=22 y=4
[NoC] Adding cluster 150 at position x=23 y=4
[NoC] Adding cluster 151 at position x=24 y=4
[NoC] Adding cluster 152 at position x=25 y=4
[NoC] Adding cluster 153 at position x=26 y=4
[NoC] Adding cluster 154 at position x=27 y=4
[NoC] Adding cluster 155 at position x=28 y=4
[NoC] Adding cluster 156 at position x=29 y=4
[NoC] Adding cluster 157 at position x=30 y=4
[NoC] Adding cluster 158 at position x=31 y=4
[NoC] Adding cluster 159 at position x=32 y=4
[NoC] Adding cluster 160 at position x=1 y=5
[NoC] Adding cluster 161 at position x=2 y=5
[NoC] Adding cluster 162 at position x=3 y=5
[NoC] Adding cluster 163 at position x=4 y=5
[NoC] Adding cluster 164 at position x=5 y=5
[NoC] Adding cluster 165 at position x=6 y=5
[NoC] Adding cluster 166 at position x=7 y=5
[NoC] Adding cluster 167 at position x=8 y=5
[NoC] Adding cluster 168 at position x=9 y=5
[NoC] Adding cluster 169 at position x=10 y=5
[NoC] Adding cluster 170 at position x=11 y=5
[NoC] Adding cluster 171 at position x=12 y=5
[NoC] Adding cluster 172 at position x=13 y=5
[NoC] Adding cluster 173 at position x=14 y=5
[NoC] Adding cluster 174 at position x=15 y=5
[NoC] Adding cluster 175 at position x=16 y=5
[NoC] Adding cluster 176 at position x=17 y=5
[NoC] Adding cluster 177 at position x=18 y=5
[NoC] Adding cluster 178 at position x=19 y=5
[NoC] Adding cluster 179 at position x=20 y=5
[NoC] Adding cluster 180 at position x=21 y=5
[NoC] Adding cluster 181 at position x=22 y=5
[NoC] Adding cluster 182 at position x=23 y=5
[NoC] Adding cluster 183 at position x=24 y=5
[NoC] Adding cluster 184 at position x=25 y=5
[NoC] Adding cluster 185 at position x=26 y=5
[NoC] Adding cluster 186 at position x=27 y=5
[NoC] Adding cluster 187 at position x=28 y=5
[NoC] Adding cluster 188 at position x=29 y=5
[NoC] Adding cluster 189 at position x=30 y=5
[NoC] Adding cluster 190 at position x=31 y=5
[NoC] Adding cluster 191 at position x=32 y=5
[NoC] Adding cluster 192 at position x=1 y=6
[NoC] Adding cluster 193 at position x=2 y=6
[NoC] Adding cluster 194 at position x=3 y=6
[NoC] Adding cluster 195 at position x=4 y=6
[NoC] Adding cluster 196 at position x=5 y=6
[NoC] Adding cluster 197 at position x=6 y=6
[NoC] Adding cluster 198 at position x=7 y=6
[NoC] Adding cluster 199 at position x=8 y=6
[NoC] Adding cluster 200 at position x=9 y=6
[NoC] Adding cluster 201 at position x=10 y=6
[NoC] Adding cluster 202 at position x=11 y=6
[NoC] Adding cluster 203 at position x=12 y=6
[NoC] Adding cluster 204 at position x=13 y=6
[NoC] Adding cluster 205 at position x=14 y=6
[NoC] Adding cluster 206 at position x=15 y=6
[NoC] Adding cluster 207 at position x=16 y=6
[NoC] Adding cluster 208 at position x=17 y=6
[NoC] Adding cluster 209 at position x=18 y=6
[NoC] Adding cluster 210 at position x=19 y=6
[NoC] Adding cluster 211 at position x=20 y=6
[NoC] Adding cluster 212 at position x=21 y=6
[NoC] Adding cluster 213 at position x=22 y=6
[NoC] Adding cluster 214 at position x=23 y=6
[NoC] Adding cluster 215 at position x=24 y=6
[NoC] Adding cluster 216 at position x=25 y=6
[NoC] Adding cluster 217 at position x=26 y=6
[NoC] Adding cluster 218 at position x=27 y=6
[NoC] Adding cluster 219 at position x=28 y=6
[NoC] Adding cluster 220 at position x=29 y=6
[NoC] Adding cluster 221 at position x=30 y=6
[NoC] Adding cluster 222 at position x=31 y=6
[NoC] Adding cluster 223 at position x=32 y=6
[NoC] Adding cluster 224 at position x=1 y=7
[NoC] Adding cluster 225 at position x=2 y=7
[NoC] Adding cluster 226 at position x=3 y=7
[NoC] Adding cluster 227 at position x=4 y=7
[NoC] Adding cluster 228 at position x=5 y=7
[NoC] Adding cluster 229 at position x=6 y=7
[NoC] Adding cluster 230 at position x=7 y=7
[NoC] Adding cluster 231 at position x=8 y=7
[NoC] Adding cluster 232 at position x=9 y=7
[NoC] Adding cluster 233 at position x=10 y=7
[NoC] Adding cluster 234 at position x=11 y=7
[NoC] Adding cluster 235 at position x=12 y=7
[NoC] Adding cluster 236 at position x=13 y=7
[NoC] Adding cluster 237 at position x=14 y=7
[NoC] Adding cluster 238 at position x=15 y=7
[NoC] Adding cluster 239 at position x=16 y=7
[NoC] Adding cluster 240 at position x=17 y=7
[NoC] Adding cluster 241 at position x=18 y=7
[NoC] Adding cluster 242 at position x=19 y=7
[NoC] Adding cluster 243 at position x=20 y=7
[NoC] Adding cluster 244 at position x=21 y=7
[NoC] Adding cluster 245 at position x=22 y=7
[NoC] Adding cluster 246 at position x=23 y=7
[NoC] Adding cluster 247 at position x=24 y=7
[NoC] Adding cluster 248 at position x=25 y=7
[NoC] Adding cluster 249 at position x=26 y=7
[NoC] Adding cluster 250 at position x=27 y=7
[NoC] Adding cluster 251 at position x=28 y=7
[NoC] Adding cluster 252 at position x=29 y=7
[NoC] Adding cluster 253 at position x=30 y=7
[NoC] Adding cluster 254 at position x=31 y=7
[NoC] Adding cluster 255 at position x=32 y=7
[NoC] Adding cluster 256 at position x=1 y=8
[NoC] Adding cluster 257 at position x=2 y=8
[NoC] Adding cluster 258 at position x=3 y=8
[NoC] Adding cluster 259 at position x=4 y=8
[NoC] Adding cluster 260 at position x=5 y=8
[NoC] Adding cluster 261 at position x=6 y=8
[NoC] Adding cluster 262 at position x=7 y=8
[NoC] Adding cluster 263 at position x=8 y=8
[NoC] Adding cluster 264 at position x=9 y=8
[NoC] Adding cluster 265 at position x=10 y=8
[NoC] Adding cluster 266 at position x=11 y=8
[NoC] Adding cluster 267 at position x=12 y=8
[NoC] Adding cluster 268 at position x=13 y=8
[NoC] Adding cluster 269 at position x=14 y=8
[NoC] Adding cluster 270 at position x=15 y=8
[NoC] Adding cluster 271 at position x=16 y=8
[NoC] Adding cluster 272 at position x=17 y=8
[NoC] Adding cluster 273 at position x=18 y=8
[NoC] Adding cluster 274 at position x=19 y=8
[NoC] Adding cluster 275 at position x=20 y=8
[NoC] Adding cluster 276 at position x=21 y=8
[NoC] Adding cluster 277 at position x=22 y=8
[NoC] Adding cluster 278 at position x=23 y=8
[NoC] Adding cluster 279 at position x=24 y=8
[NoC] Adding cluster 280 at position x=25 y=8
[NoC] Adding cluster 281 at position x=26 y=8
[NoC] Adding cluster 282 at position x=27 y=8
[NoC] Adding cluster 283 at position x=28 y=8
[NoC] Adding cluster 284 at position x=29 y=8
[NoC] Adding cluster 285 at position x=30 y=8
[NoC] Adding cluster 286 at position x=31 y=8
[NoC] Adding cluster 287 at position x=32 y=8
[NoC] Adding cluster 288 at position x=1 y=9
[NoC] Adding cluster 289 at position x=2 y=9
[NoC] Adding cluster 290 at position x=3 y=9
[NoC] Adding cluster 291 at position x=4 y=9
[NoC] Adding cluster 292 at position x=5 y=9
[NoC] Adding cluster 293 at position x=6 y=9
[NoC] Adding cluster 294 at position x=7 y=9
[NoC] Adding cluster 295 at position x=8 y=9
[NoC] Adding cluster 296 at position x=9 y=9
[NoC] Adding cluster 297 at position x=10 y=9
[NoC] Adding cluster 298 at position x=11 y=9
[NoC] Adding cluster 299 at position x=12 y=9
[NoC] Adding cluster 300 at position x=13 y=9
[NoC] Adding cluster 301 at position x=14 y=9
[NoC] Adding cluster 302 at position x=15 y=9
[NoC] Adding cluster 303 at position x=16 y=9
[NoC] Adding cluster 304 at position x=17 y=9
[NoC] Adding cluster 305 at position x=18 y=9
[NoC] Adding cluster 306 at position x=19 y=9
[NoC] Adding cluster 307 at position x=20 y=9
[NoC] Adding cluster 308 at position x=21 y=9
[NoC] Adding cluster 309 at position x=22 y=9
[NoC] Adding cluster 310 at position x=23 y=9
[NoC] Adding cluster 311 at position x=24 y=9
[NoC] Adding cluster 312 at position x=25 y=9
[NoC] Adding cluster 313 at position x=26 y=9
[NoC] Adding cluster 314 at position x=27 y=9
[NoC] Adding cluster 315 at position x=28 y=9
[NoC] Adding cluster 316 at position x=29 y=9
[NoC] Adding cluster 317 at position x=30 y=9
[NoC] Adding cluster 318 at position x=31 y=9
[NoC] Adding cluster 319 at position x=32 y=9
[NoC] Adding cluster 320 at position x=1 y=10
[NoC] Adding cluster 321 at position x=2 y=10
[NoC] Adding cluster 322 at position x=3 y=10
[NoC] Adding cluster 323 at position x=4 y=10
[NoC] Adding cluster 324 at position x=5 y=10
[NoC] Adding cluster 325 at position x=6 y=10
[NoC] Adding cluster 326 at position x=7 y=10
[NoC] Adding cluster 327 at position x=8 y=10
[NoC] Adding cluster 328 at position x=9 y=10
[NoC] Adding cluster 329 at position x=10 y=10
[NoC] Adding cluster 330 at position x=11 y=10
[NoC] Adding cluster 331 at position x=12 y=10
[NoC] Adding cluster 332 at position x=13 y=10
[NoC] Adding cluster 333 at position x=14 y=10
[NoC] Adding cluster 334 at position x=15 y=10
[NoC] Adding cluster 335 at position x=16 y=10
[NoC] Adding cluster 336 at position x=17 y=10
[NoC] Adding cluster 337 at position x=18 y=10
[NoC] Adding cluster 338 at position x=19 y=10
[NoC] Adding cluster 339 at position x=20 y=10
[NoC] Adding cluster 340 at position x=21 y=10
[NoC] Adding cluster 341 at position x=22 y=10
[NoC] Adding cluster 342 at position x=23 y=10
[NoC] Adding cluster 343 at position x=24 y=10
[NoC] Adding cluster 344 at position x=25 y=10
[NoC] Adding cluster 345 at position x=26 y=10
[NoC] Adding cluster 346 at position x=27 y=10
[NoC] Adding cluster 347 at position x=28 y=10
[NoC] Adding cluster 348 at position x=29 y=10
[NoC] Adding cluster 349 at position x=30 y=10
[NoC] Adding cluster 350 at position x=31 y=10
[NoC] Adding cluster 351 at position x=32 y=10
[NoC] Adding cluster 352 at position x=1 y=11
[NoC] Adding cluster 353 at position x=2 y=11
[NoC] Adding cluster 354 at position x=3 y=11
[NoC] Adding cluster 355 at position x=4 y=11
[NoC] Adding cluster 356 at position x=5 y=11
[NoC] Adding cluster 357 at position x=6 y=11
[NoC] Adding cluster 358 at position x=7 y=11
[NoC] Adding cluster 359 at position x=8 y=11
[NoC] Adding cluster 360 at position x=9 y=11
[NoC] Adding cluster 361 at position x=10 y=11
[NoC] Adding cluster 362 at position x=11 y=11
[NoC] Adding cluster 363 at position x=12 y=11
[NoC] Adding cluster 364 at position x=13 y=11
[NoC] Adding cluster 365 at position x=14 y=11
[NoC] Adding cluster 366 at position x=15 y=11
[NoC] Adding cluster 367 at position x=16 y=11
[NoC] Adding cluster 368 at position x=17 y=11
[NoC] Adding cluster 369 at position x=18 y=11
[NoC] Adding cluster 370 at position x=19 y=11
[NoC] Adding cluster 371 at position x=20 y=11
[NoC] Adding cluster 372 at position x=21 y=11
[NoC] Adding cluster 373 at position x=22 y=11
[NoC] Adding cluster 374 at position x=23 y=11
[NoC] Adding cluster 375 at position x=24 y=11
[NoC] Adding cluster 376 at position x=25 y=11
[NoC] Adding cluster 377 at position x=26 y=11
[NoC] Adding cluster 378 at position x=27 y=11
[NoC] Adding cluster 379 at position x=28 y=11
[NoC] Adding cluster 380 at position x=29 y=11
[NoC] Adding cluster 381 at position x=30 y=11
[NoC] Adding cluster 382 at position x=31 y=11
[NoC] Adding cluster 383 at position x=32 y=11
[NoC] Adding cluster 384 at position x=1 y=12
[NoC] Adding cluster 385 at position x=2 y=12
[NoC] Adding cluster 386 at position x=3 y=12
[NoC] Adding cluster 387 at position x=4 y=12
[NoC] Adding cluster 388 at position x=5 y=12
[NoC] Adding cluster 389 at position x=6 y=12
[NoC] Adding cluster 390 at position x=7 y=12
[NoC] Adding cluster 391 at position x=8 y=12
[NoC] Adding cluster 392 at position x=9 y=12
[NoC] Adding cluster 393 at position x=10 y=12
[NoC] Adding cluster 394 at position x=11 y=12
[NoC] Adding cluster 395 at position x=12 y=12
[NoC] Adding cluster 396 at position x=13 y=12
[NoC] Adding cluster 397 at position x=14 y=12
[NoC] Adding cluster 398 at position x=15 y=12
[NoC] Adding cluster 399 at position x=16 y=12
[NoC] Adding cluster 400 at position x=17 y=12
[NoC] Adding cluster 401 at position x=18 y=12
[NoC] Adding cluster 402 at position x=19 y=12
[NoC] Adding cluster 403 at position x=20 y=12
[NoC] Adding cluster 404 at position x=21 y=12
[NoC] Adding cluster 405 at position x=22 y=12
[NoC] Adding cluster 406 at position x=23 y=12
[NoC] Adding cluster 407 at position x=24 y=12
[NoC] Adding cluster 408 at position x=25 y=12
[NoC] Adding cluster 409 at position x=26 y=12
[NoC] Adding cluster 410 at position x=27 y=12
[NoC] Adding cluster 411 at position x=28 y=12
[NoC] Adding cluster 412 at position x=29 y=12
[NoC] Adding cluster 413 at position x=30 y=12
[NoC] Adding cluster 414 at position x=31 y=12
[NoC] Adding cluster 415 at position x=32 y=12
[NoC] Adding cluster 416 at position x=1 y=13
[NoC] Adding cluster 417 at position x=2 y=13
[NoC] Adding cluster 418 at position x=3 y=13
[NoC] Adding cluster 419 at position x=4 y=13
[NoC] Adding cluster 420 at position x=5 y=13
[NoC] Adding cluster 421 at position x=6 y=13
[NoC] Adding cluster 422 at position x=7 y=13
[NoC] Adding cluster 423 at position x=8 y=13
[NoC] Adding cluster 424 at position x=9 y=13
[NoC] Adding cluster 425 at position x=10 y=13
[NoC] Adding cluster 426 at position x=11 y=13
[NoC] Adding cluster 427 at position x=12 y=13
[NoC] Adding cluster 428 at position x=13 y=13
[NoC] Adding cluster 429 at position x=14 y=13
[NoC] Adding cluster 430 at position x=15 y=13
[NoC] Adding cluster 431 at position x=16 y=13
[NoC] Adding cluster 432 at position x=17 y=13
[NoC] Adding cluster 433 at position x=18 y=13
[NoC] Adding cluster 434 at position x=19 y=13
[NoC] Adding cluster 435 at position x=20 y=13
[NoC] Adding cluster 436 at position x=21 y=13
[NoC] Adding cluster 437 at position x=22 y=13
[NoC] Adding cluster 438 at position x=23 y=13
[NoC] Adding cluster 439 at position x=24 y=13
[NoC] Adding cluster 440 at position x=25 y=13
[NoC] Adding cluster 441 at position x=26 y=13
[NoC] Adding cluster 442 at position x=27 y=13
[NoC] Adding cluster 443 at position x=28 y=13
[NoC] Adding cluster 444 at position x=29 y=13
[NoC] Adding cluster 445 at position x=30 y=13
[NoC] Adding cluster 446 at position x=31 y=13
[NoC] Adding cluster 447 at position x=32 y=13
[NoC] Adding cluster 448 at position x=1 y=14
[NoC] Adding cluster 449 at position x=2 y=14
[NoC] Adding cluster 450 at position x=3 y=14
[NoC] Adding cluster 451 at position x=4 y=14
[NoC] Adding cluster 452 at position x=5 y=14
[NoC] Adding cluster 453 at position x=6 y=14
[NoC] Adding cluster 454 at position x=7 y=14
[NoC] Adding cluster 455 at position x=8 y=14
[NoC] Adding cluster 456 at position x=9 y=14
[NoC] Adding cluster 457 at position x=10 y=14
[NoC] Adding cluster 458 at position x=11 y=14
[NoC] Adding cluster 459 at position x=12 y=14
[NoC] Adding cluster 460 at position x=13 y=14
[NoC] Adding cluster 461 at position x=14 y=14
[NoC] Adding cluster 462 at position x=15 y=14
[NoC] Adding cluster 463 at position x=16 y=14
[NoC] Adding cluster 464 at position x=17 y=14
[NoC] Adding cluster 465 at position x=18 y=14
[NoC] Adding cluster 466 at position x=19 y=14
[NoC] Adding cluster 467 at position x=20 y=14
[NoC] Adding cluster 468 at position x=21 y=14
[NoC] Adding cluster 469 at position x=22 y=14
[NoC] Adding cluster 470 at position x=23 y=14
[NoC] Adding cluster 471 at position x=24 y=14
[NoC] Adding cluster 472 at position x=25 y=14
[NoC] Adding cluster 473 at position x=26 y=14
[NoC] Adding cluster 474 at position x=27 y=14
[NoC] Adding cluster 475 at position x=28 y=14
[NoC] Adding cluster 476 at position x=29 y=14
[NoC] Adding cluster 477 at position x=30 y=14
[NoC] Adding cluster 478 at position x=31 y=14
[NoC] Adding cluster 479 at position x=32 y=14
[NoC] Adding cluster 480 at position x=1 y=15
[NoC] Adding cluster 481 at position x=2 y=15
[NoC] Adding cluster 482 at position x=3 y=15
[NoC] Adding cluster 483 at position x=4 y=15
[NoC] Adding cluster 484 at position x=5 y=15
[NoC] Adding cluster 485 at position x=6 y=15
[NoC] Adding cluster 486 at position x=7 y=15
[NoC] Adding cluster 487 at position x=8 y=15
[NoC] Adding cluster 488 at position x=9 y=15
[NoC] Adding cluster 489 at position x=10 y=15
[NoC] Adding cluster 490 at position x=11 y=15
[NoC] Adding cluster 491 at position x=12 y=15
[NoC] Adding cluster 492 at position x=13 y=15
[NoC] Adding cluster 493 at position x=14 y=15
[NoC] Adding cluster 494 at position x=15 y=15
[NoC] Adding cluster 495 at position x=16 y=15
[NoC] Adding cluster 496 at position x=17 y=15
[NoC] Adding cluster 497 at position x=18 y=15
[NoC] Adding cluster 498 at position x=19 y=15
[NoC] Adding cluster 499 at position x=20 y=15
[NoC] Adding cluster 500 at position x=21 y=15
[NoC] Adding cluster 501 at position x=22 y=15
[NoC] Adding cluster 502 at position x=23 y=15
[NoC] Adding cluster 503 at position x=24 y=15
[NoC] Adding cluster 504 at position x=25 y=15
[NoC] Adding cluster 505 at position x=26 y=15
[NoC] Adding cluster 506 at position x=27 y=15
[NoC] Adding cluster 507 at position x=28 y=15
[NoC] Adding cluster 508 at position x=29 y=15
[NoC] Adding cluster 509 at position x=30 y=15
[NoC] Adding cluster 510 at position x=31 y=15
[NoC] Adding cluster 511 at position x=32 y=15
[NoC] Adding cluster 512 at position x=1 y=16
[NoC] Adding cluster 513 at position x=2 y=16
[NoC] Adding cluster 514 at position x=3 y=16
[NoC] Adding cluster 515 at position x=4 y=16
[NoC] Adding cluster 516 at position x=5 y=16
[NoC] Adding cluster 517 at position x=6 y=16
[NoC] Adding cluster 518 at position x=7 y=16
[NoC] Adding cluster 519 at position x=8 y=16
[NoC] Adding cluster 520 at position x=9 y=16
[NoC] Adding cluster 521 at position x=10 y=16
[NoC] Adding cluster 522 at position x=11 y=16
[NoC] Adding cluster 523 at position x=12 y=16
[NoC] Adding cluster 524 at position x=13 y=16
[NoC] Adding cluster 525 at position x=14 y=16
[NoC] Adding cluster 526 at position x=15 y=16
[NoC] Adding cluster 527 at position x=16 y=16
[NoC] Adding cluster 528 at position x=17 y=16
[NoC] Adding cluster 529 at position x=18 y=16
[NoC] Adding cluster 530 at position x=19 y=16
[NoC] Adding cluster 531 at position x=20 y=16
[NoC] Adding cluster 532 at position x=21 y=16
[NoC] Adding cluster 533 at position x=22 y=16
[NoC] Adding cluster 534 at position x=23 y=16
[NoC] Adding cluster 535 at position x=24 y=16
[NoC] Adding cluster 536 at position x=25 y=16
[NoC] Adding cluster 537 at position x=26 y=16
[NoC] Adding cluster 538 at position x=27 y=16
[NoC] Adding cluster 539 at position x=28 y=16
[NoC] Adding cluster 540 at position x=29 y=16
[NoC] Adding cluster 541 at position x=30 y=16
[NoC] Adding cluster 542 at position x=31 y=16
[NoC] Adding cluster 543 at position x=32 y=16
[NoC] Adding cluster 544 at position x=1 y=17
[NoC] Adding cluster 545 at position x=2 y=17
[NoC] Adding cluster 546 at position x=3 y=17
[NoC] Adding cluster 547 at position x=4 y=17
[NoC] Adding cluster 548 at position x=5 y=17
[NoC] Adding cluster 549 at position x=6 y=17
[NoC] Adding cluster 550 at position x=7 y=17
[NoC] Adding cluster 551 at position x=8 y=17
[NoC] Adding cluster 552 at position x=9 y=17
[NoC] Adding cluster 553 at position x=10 y=17
[NoC] Adding cluster 554 at position x=11 y=17
[NoC] Adding cluster 555 at position x=12 y=17
[NoC] Adding cluster 556 at position x=13 y=17
[NoC] Adding cluster 557 at position x=14 y=17
[NoC] Adding cluster 558 at position x=15 y=17
[NoC] Adding cluster 559 at position x=16 y=17
[NoC] Adding cluster 560 at position x=17 y=17
[NoC] Adding cluster 561 at position x=18 y=17
[NoC] Adding cluster 562 at position x=19 y=17
[NoC] Adding cluster 563 at position x=20 y=17
[NoC] Adding cluster 564 at position x=21 y=17
[NoC] Adding cluster 565 at position x=22 y=17
[NoC] Adding cluster 566 at position x=23 y=17
[NoC] Adding cluster 567 at position x=24 y=17
[NoC] Adding cluster 568 at position x=25 y=17
[NoC] Adding cluster 569 at position x=26 y=17
[NoC] Adding cluster 570 at position x=27 y=17
[NoC] Adding cluster 571 at position x=28 y=17
[NoC] Adding cluster 572 at position x=29 y=17
[NoC] Adding cluster 573 at position x=30 y=17
[NoC] Adding cluster 574 at position x=31 y=17
[NoC] Adding cluster 575 at position x=32 y=17
[NoC] Adding cluster 576 at position x=1 y=18
[NoC] Adding cluster 577 at position x=2 y=18
[NoC] Adding cluster 578 at position x=3 y=18
[NoC] Adding cluster 579 at position x=4 y=18
[NoC] Adding cluster 580 at position x=5 y=18
[NoC] Adding cluster 581 at position x=6 y=18
[NoC] Adding cluster 582 at position x=7 y=18
[NoC] Adding cluster 583 at position x=8 y=18
[NoC] Adding cluster 584 at position x=9 y=18
[NoC] Adding cluster 585 at position x=10 y=18
[NoC] Adding cluster 586 at position x=11 y=18
[NoC] Adding cluster 587 at position x=12 y=18
[NoC] Adding cluster 588 at position x=13 y=18
[NoC] Adding cluster 589 at position x=14 y=18
[NoC] Adding cluster 590 at position x=15 y=18
[NoC] Adding cluster 591 at position x=16 y=18
[NoC] Adding cluster 592 at position x=17 y=18
[NoC] Adding cluster 593 at position x=18 y=18
[NoC] Adding cluster 594 at position x=19 y=18
[NoC] Adding cluster 595 at position x=20 y=18
[NoC] Adding cluster 596 at position x=21 y=18
[NoC] Adding cluster 597 at position x=22 y=18
[NoC] Adding cluster 598 at position x=23 y=18
[NoC] Adding cluster 599 at position x=24 y=18
[NoC] Adding cluster 600 at position x=25 y=18
[NoC] Adding cluster 601 at position x=26 y=18
[NoC] Adding cluster 602 at position x=27 y=18
[NoC] Adding cluster 603 at position x=28 y=18
[NoC] Adding cluster 604 at position x=29 y=18
[NoC] Adding cluster 605 at position x=30 y=18
[NoC] Adding cluster 606 at position x=31 y=18
[NoC] Adding cluster 607 at position x=32 y=18
[NoC] Adding cluster 608 at position x=1 y=19
[NoC] Adding cluster 609 at position x=2 y=19
[NoC] Adding cluster 610 at position x=3 y=19
[NoC] Adding cluster 611 at position x=4 y=19
[NoC] Adding cluster 612 at position x=5 y=19
[NoC] Adding cluster 613 at position x=6 y=19
[NoC] Adding cluster 614 at position x=7 y=19
[NoC] Adding cluster 615 at position x=8 y=19
[NoC] Adding cluster 616 at position x=9 y=19
[NoC] Adding cluster 617 at position x=10 y=19
[NoC] Adding cluster 618 at position x=11 y=19
[NoC] Adding cluster 619 at position x=12 y=19
[NoC] Adding cluster 620 at position x=13 y=19
[NoC] Adding cluster 621 at position x=14 y=19
[NoC] Adding cluster 622 at position x=15 y=19
[NoC] Adding cluster 623 at position x=16 y=19
[NoC] Adding cluster 624 at position x=17 y=19
[NoC] Adding cluster 625 at position x=18 y=19
[NoC] Adding cluster 626 at position x=19 y=19
[NoC] Adding cluster 627 at position x=20 y=19
[NoC] Adding cluster 628 at position x=21 y=19
[NoC] Adding cluster 629 at position x=22 y=19
[NoC] Adding cluster 630 at position x=23 y=19
[NoC] Adding cluster 631 at position x=24 y=19
[NoC] Adding cluster 632 at position x=25 y=19
[NoC] Adding cluster 633 at position x=26 y=19
[NoC] Adding cluster 634 at position x=27 y=19
[NoC] Adding cluster 635 at position x=28 y=19
[NoC] Adding cluster 636 at position x=29 y=19
[NoC] Adding cluster 637 at position x=30 y=19
[NoC] Adding cluster 638 at position x=31 y=19
[NoC] Adding cluster 639 at position x=32 y=19
[NoC] Adding cluster 640 at position x=1 y=20
[NoC] Adding cluster 641 at position x=2 y=20
[NoC] Adding cluster 642 at position x=3 y=20
[NoC] Adding cluster 643 at position x=4 y=20
[NoC] Adding cluster 644 at position x=5 y=20
[NoC] Adding cluster 645 at position x=6 y=20
[NoC] Adding cluster 646 at position x=7 y=20
[NoC] Adding cluster 647 at position x=8 y=20
[NoC] Adding cluster 648 at position x=9 y=20
[NoC] Adding cluster 649 at position x=10 y=20
[NoC] Adding cluster 650 at position x=11 y=20
[NoC] Adding cluster 651 at position x=12 y=20
[NoC] Adding cluster 652 at position x=13 y=20
[NoC] Adding cluster 653 at position x=14 y=20
[NoC] Adding cluster 654 at position x=15 y=20
[NoC] Adding cluster 655 at position x=16 y=20
[NoC] Adding cluster 656 at position x=17 y=20
[NoC] Adding cluster 657 at position x=18 y=20
[NoC] Adding cluster 658 at position x=19 y=20
[NoC] Adding cluster 659 at position x=20 y=20
[NoC] Adding cluster 660 at position x=21 y=20
[NoC] Adding cluster 661 at position x=22 y=20
[NoC] Adding cluster 662 at position x=23 y=20
[NoC] Adding cluster 663 at position x=24 y=20
[NoC] Adding cluster 664 at position x=25 y=20
[NoC] Adding cluster 665 at position x=26 y=20
[NoC] Adding cluster 666 at position x=27 y=20
[NoC] Adding cluster 667 at position x=28 y=20
[NoC] Adding cluster 668 at position x=29 y=20
[NoC] Adding cluster 669 at position x=30 y=20
[NoC] Adding cluster 670 at position x=31 y=20
[NoC] Adding cluster 671 at position x=32 y=20
[NoC] Adding cluster 672 at position x=1 y=21
[NoC] Adding cluster 673 at position x=2 y=21
[NoC] Adding cluster 674 at position x=3 y=21
[NoC] Adding cluster 675 at position x=4 y=21
[NoC] Adding cluster 676 at position x=5 y=21
[NoC] Adding cluster 677 at position x=6 y=21
[NoC] Adding cluster 678 at position x=7 y=21
[NoC] Adding cluster 679 at position x=8 y=21
[NoC] Adding cluster 680 at position x=9 y=21
[NoC] Adding cluster 681 at position x=10 y=21
[NoC] Adding cluster 682 at position x=11 y=21
[NoC] Adding cluster 683 at position x=12 y=21
[NoC] Adding cluster 684 at position x=13 y=21
[NoC] Adding cluster 685 at position x=14 y=21
[NoC] Adding cluster 686 at position x=15 y=21
[NoC] Adding cluster 687 at position x=16 y=21
[NoC] Adding cluster 688 at position x=17 y=21
[NoC] Adding cluster 689 at position x=18 y=21
[NoC] Adding cluster 690 at position x=19 y=21
[NoC] Adding cluster 691 at position x=20 y=21
[NoC] Adding cluster 692 at position x=21 y=21
[NoC] Adding cluster 693 at position x=22 y=21
[NoC] Adding cluster 694 at position x=23 y=21
[NoC] Adding cluster 695 at position x=24 y=21
[NoC] Adding cluster 696 at position x=25 y=21
[NoC] Adding cluster 697 at position x=26 y=21
[NoC] Adding cluster 698 at position x=27 y=21
[NoC] Adding cluster 699 at position x=28 y=21
[NoC] Adding cluster 700 at position x=29 y=21
[NoC] Adding cluster 701 at position x=30 y=21
[NoC] Adding cluster 702 at position x=31 y=21
[NoC] Adding cluster 703 at position x=32 y=21
[NoC] Adding cluster 704 at position x=1 y=22
[NoC] Adding cluster 705 at position x=2 y=22
[NoC] Adding cluster 706 at position x=3 y=22
[NoC] Adding cluster 707 at position x=4 y=22
[NoC] Adding cluster 708 at position x=5 y=22
[NoC] Adding cluster 709 at position x=6 y=22
[NoC] Adding cluster 710 at position x=7 y=22
[NoC] Adding cluster 711 at position x=8 y=22
[NoC] Adding cluster 712 at position x=9 y=22
[NoC] Adding cluster 713 at position x=10 y=22
[NoC] Adding cluster 714 at position x=11 y=22
[NoC] Adding cluster 715 at position x=12 y=22
[NoC] Adding cluster 716 at position x=13 y=22
[NoC] Adding cluster 717 at position x=14 y=22
[NoC] Adding cluster 718 at position x=15 y=22
[NoC] Adding cluster 719 at position x=16 y=22
[NoC] Adding cluster 720 at position x=17 y=22
[NoC] Adding cluster 721 at position x=18 y=22
[NoC] Adding cluster 722 at position x=19 y=22
[NoC] Adding cluster 723 at position x=20 y=22
[NoC] Adding cluster 724 at position x=21 y=22
[NoC] Adding cluster 725 at position x=22 y=22
[NoC] Adding cluster 726 at position x=23 y=22
[NoC] Adding cluster 727 at position x=24 y=22
[NoC] Adding cluster 728 at position x=25 y=22
[NoC] Adding cluster 729 at position x=26 y=22
[NoC] Adding cluster 730 at position x=27 y=22
[NoC] Adding cluster 731 at position x=28 y=22
[NoC] Adding cluster 732 at position x=29 y=22
[NoC] Adding cluster 733 at position x=30 y=22
[NoC] Adding cluster 734 at position x=31 y=22
[NoC] Adding cluster 735 at position x=32 y=22
[NoC] Adding cluster 736 at position x=1 y=23
[NoC] Adding cluster 737 at position x=2 y=23
[NoC] Adding cluster 738 at position x=3 y=23
[NoC] Adding cluster 739 at position x=4 y=23
[NoC] Adding cluster 740 at position x=5 y=23
[NoC] Adding cluster 741 at position x=6 y=23
[NoC] Adding cluster 742 at position x=7 y=23
[NoC] Adding cluster 743 at position x=8 y=23
[NoC] Adding cluster 744 at position x=9 y=23
[NoC] Adding cluster 745 at position x=10 y=23
[NoC] Adding cluster 746 at position x=11 y=23
[NoC] Adding cluster 747 at position x=12 y=23
[NoC] Adding cluster 748 at position x=13 y=23
[NoC] Adding cluster 749 at position x=14 y=23
[NoC] Adding cluster 750 at position x=15 y=23
[NoC] Adding cluster 751 at position x=16 y=23
[NoC] Adding cluster 752 at position x=17 y=23
[NoC] Adding cluster 753 at position x=18 y=23
[NoC] Adding cluster 754 at position x=19 y=23
[NoC] Adding cluster 755 at position x=20 y=23
[NoC] Adding cluster 756 at position x=21 y=23
[NoC] Adding cluster 757 at position x=22 y=23
[NoC] Adding cluster 758 at position x=23 y=23
[NoC] Adding cluster 759 at position x=24 y=23
[NoC] Adding cluster 760 at position x=25 y=23
[NoC] Adding cluster 761 at position x=26 y=23
[NoC] Adding cluster 762 at position x=27 y=23
[NoC] Adding cluster 763 at position x=28 y=23
[NoC] Adding cluster 764 at position x=29 y=23
[NoC] Adding cluster 765 at position x=30 y=23
[NoC] Adding cluster 766 at position x=31 y=23
[NoC] Adding cluster 767 at position x=32 y=23
[NoC] Adding cluster 768 at position x=1 y=24
[NoC] Adding cluster 769 at position x=2 y=24
[NoC] Adding cluster 770 at position x=3 y=24
[NoC] Adding cluster 771 at position x=4 y=24
[NoC] Adding cluster 772 at position x=5 y=24
[NoC] Adding cluster 773 at position x=6 y=24
[NoC] Adding cluster 774 at position x=7 y=24
[NoC] Adding cluster 775 at position x=8 y=24
[NoC] Adding cluster 776 at position x=9 y=24
[NoC] Adding cluster 777 at position x=10 y=24
[NoC] Adding cluster 778 at position x=11 y=24
[NoC] Adding cluster 779 at position x=12 y=24
[NoC] Adding cluster 780 at position x=13 y=24
[NoC] Adding cluster 781 at position x=14 y=24
[NoC] Adding cluster 782 at position x=15 y=24
[NoC] Adding cluster 783 at position x=16 y=24
[NoC] Adding cluster 784 at position x=17 y=24
[NoC] Adding cluster 785 at position x=18 y=24
[NoC] Adding cluster 786 at position x=19 y=24
[NoC] Adding cluster 787 at position x=20 y=24
[NoC] Adding cluster 788 at position x=21 y=24
[NoC] Adding cluster 789 at position x=22 y=24
[NoC] Adding cluster 790 at position x=23 y=24
[NoC] Adding cluster 791 at position x=24 y=24
[NoC] Adding cluster 792 at position x=25 y=24
[NoC] Adding cluster 793 at position x=26 y=24
[NoC] Adding cluster 794 at position x=27 y=24
[NoC] Adding cluster 795 at position x=28 y=24
[NoC] Adding cluster 796 at position x=29 y=24
[NoC] Adding cluster 797 at position x=30 y=24
[NoC] Adding cluster 798 at position x=31 y=24
[NoC] Adding cluster 799 at position x=32 y=24
[NoC] Adding cluster 800 at position x=1 y=25
[NoC] Adding cluster 801 at position x=2 y=25
[NoC] Adding cluster 802 at position x=3 y=25
[NoC] Adding cluster 803 at position x=4 y=25
[NoC] Adding cluster 804 at position x=5 y=25
[NoC] Adding cluster 805 at position x=6 y=25
[NoC] Adding cluster 806 at position x=7 y=25
[NoC] Adding cluster 807 at position x=8 y=25
[NoC] Adding cluster 808 at position x=9 y=25
[NoC] Adding cluster 809 at position x=10 y=25
[NoC] Adding cluster 810 at position x=11 y=25
[NoC] Adding cluster 811 at position x=12 y=25
[NoC] Adding cluster 812 at position x=13 y=25
[NoC] Adding cluster 813 at position x=14 y=25
[NoC] Adding cluster 814 at position x=15 y=25
[NoC] Adding cluster 815 at position x=16 y=25
[NoC] Adding cluster 816 at position x=17 y=25
[NoC] Adding cluster 817 at position x=18 y=25
[NoC] Adding cluster 818 at position x=19 y=25
[NoC] Adding cluster 819 at position x=20 y=25
[NoC] Adding cluster 820 at position x=21 y=25
[NoC] Adding cluster 821 at position x=22 y=25
[NoC] Adding cluster 822 at position x=23 y=25
[NoC] Adding cluster 823 at position x=24 y=25
[NoC] Adding cluster 824 at position x=25 y=25
[NoC] Adding cluster 825 at position x=26 y=25
[NoC] Adding cluster 826 at position x=27 y=25
[NoC] Adding cluster 827 at position x=28 y=25
[NoC] Adding cluster 828 at position x=29 y=25
[NoC] Adding cluster 829 at position x=30 y=25
[NoC] Adding cluster 830 at position x=31 y=25
[NoC] Adding cluster 831 at position x=32 y=25
[NoC] Adding cluster 832 at position x=1 y=26
[NoC] Adding cluster 833 at position x=2 y=26
[NoC] Adding cluster 834 at position x=3 y=26
[NoC] Adding cluster 835 at position x=4 y=26
[NoC] Adding cluster 836 at position x=5 y=26
[NoC] Adding cluster 837 at position x=6 y=26
[NoC] Adding cluster 838 at position x=7 y=26
[NoC] Adding cluster 839 at position x=8 y=26
[NoC] Adding cluster 840 at position x=9 y=26
[NoC] Adding cluster 841 at position x=10 y=26
[NoC] Adding cluster 842 at position x=11 y=26
[NoC] Adding cluster 843 at position x=12 y=26
[NoC] Adding cluster 844 at position x=13 y=26
[NoC] Adding cluster 845 at position x=14 y=26
[NoC] Adding cluster 846 at position x=15 y=26
[NoC] Adding cluster 847 at position x=16 y=26
[NoC] Adding cluster 848 at position x=17 y=26
[NoC] Adding cluster 849 at position x=18 y=26
[NoC] Adding cluster 850 at position x=19 y=26
[NoC] Adding cluster 851 at position x=20 y=26
[NoC] Adding cluster 852 at position x=21 y=26
[NoC] Adding cluster 853 at position x=22 y=26
[NoC] Adding cluster 854 at position x=23 y=26
[NoC] Adding cluster 855 at position x=24 y=26
[NoC] Adding cluster 856 at position x=25 y=26
[NoC] Adding cluster 857 at position x=26 y=26
[NoC] Adding cluster 858 at position x=27 y=26
[NoC] Adding cluster 859 at position x=28 y=26
[NoC] Adding cluster 860 at position x=29 y=26
[NoC] Adding cluster 861 at position x=30 y=26
[NoC] Adding cluster 862 at position x=31 y=26
[NoC] Adding cluster 863 at position x=32 y=26
[NoC] Adding cluster 864 at position x=1 y=27
[NoC] Adding cluster 865 at position x=2 y=27
[NoC] Adding cluster 866 at position x=3 y=27
[NoC] Adding cluster 867 at position x=4 y=27
[NoC] Adding cluster 868 at position x=5 y=27
[NoC] Adding cluster 869 at position x=6 y=27
[NoC] Adding cluster 870 at position x=7 y=27
[NoC] Adding cluster 871 at position x=8 y=27
[NoC] Adding cluster 872 at position x=9 y=27
[NoC] Adding cluster 873 at position x=10 y=27
[NoC] Adding cluster 874 at position x=11 y=27
[NoC] Adding cluster 875 at position x=12 y=27
[NoC] Adding cluster 876 at position x=13 y=27
[NoC] Adding cluster 877 at position x=14 y=27
[NoC] Adding cluster 878 at position x=15 y=27
[NoC] Adding cluster 879 at position x=16 y=27
[NoC] Adding cluster 880 at position x=17 y=27
[NoC] Adding cluster 881 at position x=18 y=27
[NoC] Adding cluster 882 at position x=19 y=27
[NoC] Adding cluster 883 at position x=20 y=27
[NoC] Adding cluster 884 at position x=21 y=27
[NoC] Adding cluster 885 at position x=22 y=27
[NoC] Adding cluster 886 at position x=23 y=27
[NoC] Adding cluster 887 at position x=24 y=27
[NoC] Adding cluster 888 at position x=25 y=27
[NoC] Adding cluster 889 at position x=26 y=27
[NoC] Adding cluster 890 at position x=27 y=27
[NoC] Adding cluster 891 at position x=28 y=27
[NoC] Adding cluster 892 at position x=29 y=27
[NoC] Adding cluster 893 at position x=30 y=27
[NoC] Adding cluster 894 at position x=31 y=27
[NoC] Adding cluster 895 at position x=32 y=27
[NoC] Adding cluster 896 at position x=1 y=28
[NoC] Adding cluster 897 at position x=2 y=28
[NoC] Adding cluster 898 at position x=3 y=28
[NoC] Adding cluster 899 at position x=4 y=28
[NoC] Adding cluster 900 at position x=5 y=28
[NoC] Adding cluster 901 at position x=6 y=28
[NoC] Adding cluster 902 at position x=7 y=28
[NoC] Adding cluster 903 at position x=8 y=28
[NoC] Adding cluster 904 at position x=9 y=28
[NoC] Adding cluster 905 at position x=10 y=28
[NoC] Adding cluster 906 at position x=11 y=28
[NoC] Adding cluster 907 at position x=12 y=28
[NoC] Adding cluster 908 at position x=13 y=28
[NoC] Adding cluster 909 at position x=14 y=28
[NoC] Adding cluster 910 at position x=15 y=28
[NoC] Adding cluster 911 at position x=16 y=28
[NoC] Adding cluster 912 at position x=17 y=28
[NoC] Adding cluster 913 at position x=18 y=28
[NoC] Adding cluster 914 at position x=19 y=28
[NoC] Adding cluster 915 at position x=20 y=28
[NoC] Adding cluster 916 at position x=21 y=28
[NoC] Adding cluster 917 at position x=22 y=28
[NoC] Adding cluster 918 at position x=23 y=28
[NoC] Adding cluster 919 at position x=24 y=28
[NoC] Adding cluster 920 at position x=25 y=28
[NoC] Adding cluster 921 at position x=26 y=28
[NoC] Adding cluster 922 at position x=27 y=28
[NoC] Adding cluster 923 at position x=28 y=28
[NoC] Adding cluster 924 at position x=29 y=28
[NoC] Adding cluster 925 at position x=30 y=28
[NoC] Adding cluster 926 at position x=31 y=28
[NoC] Adding cluster 927 at position x=32 y=28
[NoC] Adding cluster 928 at position x=1 y=29
[NoC] Adding cluster 929 at position x=2 y=29
[NoC] Adding cluster 930 at position x=3 y=29
[NoC] Adding cluster 931 at position x=4 y=29
[NoC] Adding cluster 932 at position x=5 y=29
[NoC] Adding cluster 933 at position x=6 y=29
[NoC] Adding cluster 934 at position x=7 y=29
[NoC] Adding cluster 935 at position x=8 y=29
[NoC] Adding cluster 936 at position x=9 y=29
[NoC] Adding cluster 937 at position x=10 y=29
[NoC] Adding cluster 938 at position x=11 y=29
[NoC] Adding cluster 939 at position x=12 y=29
[NoC] Adding cluster 940 at position x=13 y=29
[NoC] Adding cluster 941 at position x=14 y=29
[NoC] Adding cluster 942 at position x=15 y=29
[NoC] Adding cluster 943 at position x=16 y=29
[NoC] Adding cluster 944 at position x=17 y=29
[NoC] Adding cluster 945 at position x=18 y=29
[NoC] Adding cluster 946 at position x=19 y=29
[NoC] Adding cluster 947 at position x=20 y=29
[NoC] Adding cluster 948 at position x=21 y=29
[NoC] Adding cluster 949 at position x=22 y=29
[NoC] Adding cluster 950 at position x=23 y=29
[NoC] Adding cluster 951 at position x=24 y=29
[NoC] Adding cluster 952 at position x=25 y=29
[NoC] Adding cluster 953 at position x=26 y=29
[NoC] Adding cluster 954 at position x=27 y=29
[NoC] Adding cluster 955 at position x=28 y=29
[NoC] Adding cluster 956 at position x=29 y=29
[NoC] Adding cluster 957 at position x=30 y=29
[NoC] Adding cluster 958 at position x=31 y=29
[NoC] Adding cluster 959 at position x=32 y=29
[NoC] Adding cluster 960 at position x=1 y=30
[NoC] Adding cluster 961 at position x=2 y=30
[NoC] Adding cluster 962 at position x=3 y=30
[NoC] Adding cluster 963 at position x=4 y=30
[NoC] Adding cluster 964 at position x=5 y=30
[NoC] Adding cluster 965 at position x=6 y=30
[NoC] Adding cluster 966 at position x=7 y=30
[NoC] Adding cluster 967 at position x=8 y=30
[NoC] Adding cluster 968 at position x=9 y=30
[NoC] Adding cluster 969 at position x=10 y=30
[NoC] Adding cluster 970 at position x=11 y=30
[NoC] Adding cluster 971 at position x=12 y=30
[NoC] Adding cluster 972 at position x=13 y=30
[NoC] Adding cluster 973 at position x=14 y=30
[NoC] Adding cluster 974 at position x=15 y=30
[NoC] Adding cluster 975 at position x=16 y=30
[NoC] Adding cluster 976 at position x=17 y=30
[NoC] Adding cluster 977 at position x=18 y=30
[NoC] Adding cluster 978 at position x=19 y=30
[NoC] Adding cluster 979 at position x=20 y=30
[NoC] Adding cluster 980 at position x=21 y=30
[NoC] Adding cluster 981 at position x=22 y=30
[NoC] Adding cluster 982 at position x=23 y=30
[NoC] Adding cluster 983 at position x=24 y=30
[NoC] Adding cluster 984 at position x=25 y=30
[NoC] Adding cluster 985 at position x=26 y=30
[NoC] Adding cluster 986 at position x=27 y=30
[NoC] Adding cluster 987 at position x=28 y=30
[NoC] Adding cluster 988 at position x=29 y=30
[NoC] Adding cluster 989 at position x=30 y=30
[NoC] Adding cluster 990 at position x=31 y=30
[NoC] Adding cluster 991 at position x=32 y=30
[NoC] Adding cluster 992 at position x=1 y=31
[NoC] Adding cluster 993 at position x=2 y=31
[NoC] Adding cluster 994 at position x=3 y=31
[NoC] Adding cluster 995 at position x=4 y=31
[NoC] Adding cluster 996 at position x=5 y=31
[NoC] Adding cluster 997 at position x=6 y=31
[NoC] Adding cluster 998 at position x=7 y=31
[NoC] Adding cluster 999 at position x=8 y=31
[NoC] Adding cluster 1000 at position x=9 y=31
[NoC] Adding cluster 1001 at position x=10 y=31
[NoC] Adding cluster 1002 at position x=11 y=31
[NoC] Adding cluster 1003 at position x=12 y=31
[NoC] Adding cluster 1004 at position x=13 y=31
[NoC] Adding cluster 1005 at position x=14 y=31
[NoC] Adding cluster 1006 at position x=15 y=31
[NoC] Adding cluster 1007 at position x=16 y=31
[NoC] Adding cluster 1008 at position x=17 y=31
[NoC] Adding cluster 1009 at position x=18 y=31
[NoC] Adding cluster 1010 at position x=19 y=31
[NoC] Adding cluster 1011 at position x=20 y=31
[NoC] Adding cluster 1012 at position x=21 y=31
[NoC] Adding cluster 1013 at position x=22 y=31
[NoC] Adding cluster 1014 at position x=23 y=31
[NoC] Adding cluster 1015 at position x=24 y=31
[NoC] Adding cluster 1016 at position x=25 y=31
[NoC] Adding cluster 1017 at position x=26 y=31
[NoC] Adding cluster 1018 at position x=27 y=31
[NoC] Adding cluster 1019 at position x=28 y=31
[NoC] Adding cluster 1020 at position x=29 y=31
[NoC] Adding cluster 1021 at position x=30 y=31
[NoC] Adding cluster 1022 at position x=31 y=31
[NoC] Adding cluster 1023 at position x=32 y=31
[NoC] Adding L2 at position x=0 y=0
[NoC] Adding L2 at position x=0 y=1
[NoC] Adding L2 at position x=0 y=2
[NoC] Adding L2 at position x=0 y=3
[NoC] Adding L2 at position x=0 y=4
[NoC] Adding L2 at position x=0 y=5
[NoC] Adding L2 at position x=0 y=6
[NoC] Adding L2 at position x=0 y=7
[NoC] Adding L2 at position x=0 y=8
[NoC] Adding L2 at position x=0 y=9
[NoC] Adding L2 at position x=0 y=10
[NoC] Adding L2 at position x=0 y=11
[NoC] Adding L2 at position x=0 y=12
[NoC] Adding L2 at position x=0 y=13
[NoC] Adding L2 at position x=0 y=14
[NoC] Adding L2 at position x=0 y=15
[NoC] Adding L2 at position x=0 y=16
[NoC] Adding L2 at position x=0 y=17
[NoC] Adding L2 at position x=0 y=18
[NoC] Adding L2 at position x=0 y=19
[NoC] Adding L2 at position x=0 y=20
[NoC] Adding L2 at position x=0 y=21
[NoC] Adding L2 at position x=0 y=22
[NoC] Adding L2 at position x=0 y=23
[NoC] Adding L2 at position x=0 y=24
[NoC] Adding L2 at position x=0 y=25
[NoC] Adding L2 at position x=0 y=26
[NoC] Adding L2 at position x=0 y=27
[NoC] Adding L2 at position x=0 y=28
[NoC] Adding L2 at position x=0 y=29
[NoC] Adding L2 at position x=0 y=30
[NoC] Adding L2 at position x=0 y=31
Current level is  0
Connection tile-id 1 to fsync_neighbour_east_west_0 WEST INPUT port
Connection tile-id 2 to fsync_neighbour_east_west_0 EAST INPUT port
Connection tile-id 33 to fsync_neighbour_east_west_1 WEST INPUT port
Connection tile-id 34 to fsync_neighbour_east_west_1 EAST INPUT port
Connection tile-id 65 to fsync_neighbour_east_west_2 WEST INPUT port
Connection tile-id 66 to fsync_neighbour_east_west_2 EAST INPUT port
Connection tile-id 97 to fsync_neighbour_east_west_3 WEST INPUT port
Connection tile-id 98 to fsync_neighbour_east_west_3 EAST INPUT port
Connection tile-id 129 to fsync_neighbour_east_west_4 WEST INPUT port
Connection tile-id 130 to fsync_neighbour_east_west_4 EAST INPUT port
Connection tile-id 161 to fsync_neighbour_east_west_5 WEST INPUT port
Connection tile-id 162 to fsync_neighbour_east_west_5 EAST INPUT port
Connection tile-id 193 to fsync_neighbour_east_west_6 WEST INPUT port
Connection tile-id 194 to fsync_neighbour_east_west_6 EAST INPUT port
Connection tile-id 225 to fsync_neighbour_east_west_7 WEST INPUT port
Connection tile-id 226 to fsync_neighbour_east_west_7 EAST INPUT port
Connection tile-id 257 to fsync_neighbour_east_west_8 WEST INPUT port
Connection tile-id 258 to fsync_neighbour_east_west_8 EAST INPUT port
Connection tile-id 289 to fsync_neighbour_east_west_9 WEST INPUT port
Connection tile-id 290 to fsync_neighbour_east_west_9 EAST INPUT port
Connection tile-id 321 to fsync_neighbour_east_west_10 WEST INPUT port
Connection tile-id 322 to fsync_neighbour_east_west_10 EAST INPUT port
Connection tile-id 353 to fsync_neighbour_east_west_11 WEST INPUT port
Connection tile-id 354 to fsync_neighbour_east_west_11 EAST INPUT port
Connection tile-id 385 to fsync_neighbour_east_west_12 WEST INPUT port
Connection tile-id 386 to fsync_neighbour_east_west_12 EAST INPUT port
Connection tile-id 417 to fsync_neighbour_east_west_13 WEST INPUT port
Connection tile-id 418 to fsync_neighbour_east_west_13 EAST INPUT port
Connection tile-id 449 to fsync_neighbour_east_west_14 WEST INPUT port
Connection tile-id 450 to fsync_neighbour_east_west_14 EAST INPUT port
Connection tile-id 481 to fsync_neighbour_east_west_15 WEST INPUT port
Connection tile-id 482 to fsync_neighbour_east_west_15 EAST INPUT port
Connection tile-id 513 to fsync_neighbour_east_west_16 WEST INPUT port
Connection tile-id 514 to fsync_neighbour_east_west_16 EAST INPUT port
Connection tile-id 545 to fsync_neighbour_east_west_17 WEST INPUT port
Connection tile-id 546 to fsync_neighbour_east_west_17 EAST INPUT port
Connection tile-id 577 to fsync_neighbour_east_west_18 WEST INPUT port
Connection tile-id 578 to fsync_neighbour_east_west_18 EAST INPUT port
Connection tile-id 609 to fsync_neighbour_east_west_19 WEST INPUT port
Connection tile-id 610 to fsync_neighbour_east_west_19 EAST INPUT port
Connection tile-id 641 to fsync_neighbour_east_west_20 WEST INPUT port
Connection tile-id 642 to fsync_neighbour_east_west_20 EAST INPUT port
Connection tile-id 673 to fsync_neighbour_east_west_21 WEST INPUT port
Connection tile-id 674 to fsync_neighbour_east_west_21 EAST INPUT port
Connection tile-id 705 to fsync_neighbour_east_west_22 WEST INPUT port
Connection tile-id 706 to fsync_neighbour_east_west_22 EAST INPUT port
Connection tile-id 737 to fsync_neighbour_east_west_23 WEST INPUT port
Connection tile-id 738 to fsync_neighbour_east_west_23 EAST INPUT port
Connection tile-id 769 to fsync_neighbour_east_west_24 WEST INPUT port
Connection tile-id 770 to fsync_neighbour_east_west_24 EAST INPUT port
Connection tile-id 801 to fsync_neighbour_east_west_25 WEST INPUT port
Connection tile-id 802 to fsync_neighbour_east_west_25 EAST INPUT port
Connection tile-id 833 to fsync_neighbour_east_west_26 WEST INPUT port
Connection tile-id 834 to fsync_neighbour_east_west_26 EAST INPUT port
Connection tile-id 865 to fsync_neighbour_east_west_27 WEST INPUT port
Connection tile-id 866 to fsync_neighbour_east_west_27 EAST INPUT port
Connection tile-id 897 to fsync_neighbour_east_west_28 WEST INPUT port
Connection tile-id 898 to fsync_neighbour_east_west_28 EAST INPUT port
Connection tile-id 929 to fsync_neighbour_east_west_29 WEST INPUT port
Connection tile-id 930 to fsync_neighbour_east_west_29 EAST INPUT port
Connection tile-id 961 to fsync_neighbour_east_west_30 WEST INPUT port
Connection tile-id 962 to fsync_neighbour_east_west_30 EAST INPUT port
Connection tile-id 993 to fsync_neighbour_east_west_31 WEST INPUT port
Connection tile-id 994 to fsync_neighbour_east_west_31 EAST INPUT port
Connection tile-id 3 to fsync_neighbour_east_west_32 WEST INPUT port
Connection tile-id 4 to fsync_neighbour_east_west_32 EAST INPUT port
Connection tile-id 35 to fsync_neighbour_east_west_33 WEST INPUT port
Connection tile-id 36 to fsync_neighbour_east_west_33 EAST INPUT port
Connection tile-id 67 to fsync_neighbour_east_west_34 WEST INPUT port
Connection tile-id 68 to fsync_neighbour_east_west_34 EAST INPUT port
Connection tile-id 99 to fsync_neighbour_east_west_35 WEST INPUT port
Connection tile-id 100 to fsync_neighbour_east_west_35 EAST INPUT port
Connection tile-id 131 to fsync_neighbour_east_west_36 WEST INPUT port
Connection tile-id 132 to fsync_neighbour_east_west_36 EAST INPUT port
Connection tile-id 163 to fsync_neighbour_east_west_37 WEST INPUT port
Connection tile-id 164 to fsync_neighbour_east_west_37 EAST INPUT port
Connection tile-id 195 to fsync_neighbour_east_west_38 WEST INPUT port
Connection tile-id 196 to fsync_neighbour_east_west_38 EAST INPUT port
Connection tile-id 227 to fsync_neighbour_east_west_39 WEST INPUT port
Connection tile-id 228 to fsync_neighbour_east_west_39 EAST INPUT port
Connection tile-id 259 to fsync_neighbour_east_west_40 WEST INPUT port
Connection tile-id 260 to fsync_neighbour_east_west_40 EAST INPUT port
Connection tile-id 291 to fsync_neighbour_east_west_41 WEST INPUT port
Connection tile-id 292 to fsync_neighbour_east_west_41 EAST INPUT port
Connection tile-id 323 to fsync_neighbour_east_west_42 WEST INPUT port
Connection tile-id 324 to fsync_neighbour_east_west_42 EAST INPUT port
Connection tile-id 355 to fsync_neighbour_east_west_43 WEST INPUT port
Connection tile-id 356 to fsync_neighbour_east_west_43 EAST INPUT port
Connection tile-id 387 to fsync_neighbour_east_west_44 WEST INPUT port
Connection tile-id 388 to fsync_neighbour_east_west_44 EAST INPUT port
Connection tile-id 419 to fsync_neighbour_east_west_45 WEST INPUT port
Connection tile-id 420 to fsync_neighbour_east_west_45 EAST INPUT port
Connection tile-id 451 to fsync_neighbour_east_west_46 WEST INPUT port
Connection tile-id 452 to fsync_neighbour_east_west_46 EAST INPUT port
Connection tile-id 483 to fsync_neighbour_east_west_47 WEST INPUT port
Connection tile-id 484 to fsync_neighbour_east_west_47 EAST INPUT port
Connection tile-id 515 to fsync_neighbour_east_west_48 WEST INPUT port
Connection tile-id 516 to fsync_neighbour_east_west_48 EAST INPUT port
Connection tile-id 547 to fsync_neighbour_east_west_49 WEST INPUT port
Connection tile-id 548 to fsync_neighbour_east_west_49 EAST INPUT port
Connection tile-id 579 to fsync_neighbour_east_west_50 WEST INPUT port
Connection tile-id 580 to fsync_neighbour_east_west_50 EAST INPUT port
Connection tile-id 611 to fsync_neighbour_east_west_51 WEST INPUT port
Connection tile-id 612 to fsync_neighbour_east_west_51 EAST INPUT port
Connection tile-id 643 to fsync_neighbour_east_west_52 WEST INPUT port
Connection tile-id 644 to fsync_neighbour_east_west_52 EAST INPUT port
Connection tile-id 675 to fsync_neighbour_east_west_53 WEST INPUT port
Connection tile-id 676 to fsync_neighbour_east_west_53 EAST INPUT port
Connection tile-id 707 to fsync_neighbour_east_west_54 WEST INPUT port
Connection tile-id 708 to fsync_neighbour_east_west_54 EAST INPUT port
Connection tile-id 739 to fsync_neighbour_east_west_55 WEST INPUT port
Connection tile-id 740 to fsync_neighbour_east_west_55 EAST INPUT port
Connection tile-id 771 to fsync_neighbour_east_west_56 WEST INPUT port
Connection tile-id 772 to fsync_neighbour_east_west_56 EAST INPUT port
Connection tile-id 803 to fsync_neighbour_east_west_57 WEST INPUT port
Connection tile-id 804 to fsync_neighbour_east_west_57 EAST INPUT port
Connection tile-id 835 to fsync_neighbour_east_west_58 WEST INPUT port
Connection tile-id 836 to fsync_neighbour_east_west_58 EAST INPUT port
Connection tile-id 867 to fsync_neighbour_east_west_59 WEST INPUT port
Connection tile-id 868 to fsync_neighbour_east_west_59 EAST INPUT port
Connection tile-id 899 to fsync_neighbour_east_west_60 WEST INPUT port
Connection tile-id 900 to fsync_neighbour_east_west_60 EAST INPUT port
Connection tile-id 931 to fsync_neighbour_east_west_61 WEST INPUT port
Connection tile-id 932 to fsync_neighbour_east_west_61 EAST INPUT port
Connection tile-id 963 to fsync_neighbour_east_west_62 WEST INPUT port
Connection tile-id 964 to fsync_neighbour_east_west_62 EAST INPUT port
Connection tile-id 995 to fsync_neighbour_east_west_63 WEST INPUT port
Connection tile-id 996 to fsync_neighbour_east_west_63 EAST INPUT port
Connection tile-id 5 to fsync_neighbour_east_west_64 WEST INPUT port
Connection tile-id 6 to fsync_neighbour_east_west_64 EAST INPUT port
Connection tile-id 37 to fsync_neighbour_east_west_65 WEST INPUT port
Connection tile-id 38 to fsync_neighbour_east_west_65 EAST INPUT port
Connection tile-id 69 to fsync_neighbour_east_west_66 WEST INPUT port
Connection tile-id 70 to fsync_neighbour_east_west_66 EAST INPUT port
Connection tile-id 101 to fsync_neighbour_east_west_67 WEST INPUT port
Connection tile-id 102 to fsync_neighbour_east_west_67 EAST INPUT port
Connection tile-id 133 to fsync_neighbour_east_west_68 WEST INPUT port
Connection tile-id 134 to fsync_neighbour_east_west_68 EAST INPUT port
Connection tile-id 165 to fsync_neighbour_east_west_69 WEST INPUT port
Connection tile-id 166 to fsync_neighbour_east_west_69 EAST INPUT port
Connection tile-id 197 to fsync_neighbour_east_west_70 WEST INPUT port
Connection tile-id 198 to fsync_neighbour_east_west_70 EAST INPUT port
Connection tile-id 229 to fsync_neighbour_east_west_71 WEST INPUT port
Connection tile-id 230 to fsync_neighbour_east_west_71 EAST INPUT port
Connection tile-id 261 to fsync_neighbour_east_west_72 WEST INPUT port
Connection tile-id 262 to fsync_neighbour_east_west_72 EAST INPUT port
Connection tile-id 293 to fsync_neighbour_east_west_73 WEST INPUT port
Connection tile-id 294 to fsync_neighbour_east_west_73 EAST INPUT port
Connection tile-id 325 to fsync_neighbour_east_west_74 WEST INPUT port
Connection tile-id 326 to fsync_neighbour_east_west_74 EAST INPUT port
Connection tile-id 357 to fsync_neighbour_east_west_75 WEST INPUT port
Connection tile-id 358 to fsync_neighbour_east_west_75 EAST INPUT port
Connection tile-id 389 to fsync_neighbour_east_west_76 WEST INPUT port
Connection tile-id 390 to fsync_neighbour_east_west_76 EAST INPUT port
Connection tile-id 421 to fsync_neighbour_east_west_77 WEST INPUT port
Connection tile-id 422 to fsync_neighbour_east_west_77 EAST INPUT port
Connection tile-id 453 to fsync_neighbour_east_west_78 WEST INPUT port
Connection tile-id 454 to fsync_neighbour_east_west_78 EAST INPUT port
Connection tile-id 485 to fsync_neighbour_east_west_79 WEST INPUT port
Connection tile-id 486 to fsync_neighbour_east_west_79 EAST INPUT port
Connection tile-id 517 to fsync_neighbour_east_west_80 WEST INPUT port
Connection tile-id 518 to fsync_neighbour_east_west_80 EAST INPUT port
Connection tile-id 549 to fsync_neighbour_east_west_81 WEST INPUT port
Connection tile-id 550 to fsync_neighbour_east_west_81 EAST INPUT port
Connection tile-id 581 to fsync_neighbour_east_west_82 WEST INPUT port
Connection tile-id 582 to fsync_neighbour_east_west_82 EAST INPUT port
Connection tile-id 613 to fsync_neighbour_east_west_83 WEST INPUT port
Connection tile-id 614 to fsync_neighbour_east_west_83 EAST INPUT port
Connection tile-id 645 to fsync_neighbour_east_west_84 WEST INPUT port
Connection tile-id 646 to fsync_neighbour_east_west_84 EAST INPUT port
Connection tile-id 677 to fsync_neighbour_east_west_85 WEST INPUT port
Connection tile-id 678 to fsync_neighbour_east_west_85 EAST INPUT port
Connection tile-id 709 to fsync_neighbour_east_west_86 WEST INPUT port
Connection tile-id 710 to fsync_neighbour_east_west_86 EAST INPUT port
Connection tile-id 741 to fsync_neighbour_east_west_87 WEST INPUT port
Connection tile-id 742 to fsync_neighbour_east_west_87 EAST INPUT port
Connection tile-id 773 to fsync_neighbour_east_west_88 WEST INPUT port
Connection tile-id 774 to fsync_neighbour_east_west_88 EAST INPUT port
Connection tile-id 805 to fsync_neighbour_east_west_89 WEST INPUT port
Connection tile-id 806 to fsync_neighbour_east_west_89 EAST INPUT port
Connection tile-id 837 to fsync_neighbour_east_west_90 WEST INPUT port
Connection tile-id 838 to fsync_neighbour_east_west_90 EAST INPUT port
Connection tile-id 869 to fsync_neighbour_east_west_91 WEST INPUT port
Connection tile-id 870 to fsync_neighbour_east_west_91 EAST INPUT port
Connection tile-id 901 to fsync_neighbour_east_west_92 WEST INPUT port
Connection tile-id 902 to fsync_neighbour_east_west_92 EAST INPUT port
Connection tile-id 933 to fsync_neighbour_east_west_93 WEST INPUT port
Connection tile-id 934 to fsync_neighbour_east_west_93 EAST INPUT port
Connection tile-id 965 to fsync_neighbour_east_west_94 WEST INPUT port
Connection tile-id 966 to fsync_neighbour_east_west_94 EAST INPUT port
Connection tile-id 997 to fsync_neighbour_east_west_95 WEST INPUT port
Connection tile-id 998 to fsync_neighbour_east_west_95 EAST INPUT port
Connection tile-id 7 to fsync_neighbour_east_west_96 WEST INPUT port
Connection tile-id 8 to fsync_neighbour_east_west_96 EAST INPUT port
Connection tile-id 39 to fsync_neighbour_east_west_97 WEST INPUT port
Connection tile-id 40 to fsync_neighbour_east_west_97 EAST INPUT port
Connection tile-id 71 to fsync_neighbour_east_west_98 WEST INPUT port
Connection tile-id 72 to fsync_neighbour_east_west_98 EAST INPUT port
Connection tile-id 103 to fsync_neighbour_east_west_99 WEST INPUT port
Connection tile-id 104 to fsync_neighbour_east_west_99 EAST INPUT port
Connection tile-id 135 to fsync_neighbour_east_west_100 WEST INPUT port
Connection tile-id 136 to fsync_neighbour_east_west_100 EAST INPUT port
Connection tile-id 167 to fsync_neighbour_east_west_101 WEST INPUT port
Connection tile-id 168 to fsync_neighbour_east_west_101 EAST INPUT port
Connection tile-id 199 to fsync_neighbour_east_west_102 WEST INPUT port
Connection tile-id 200 to fsync_neighbour_east_west_102 EAST INPUT port
Connection tile-id 231 to fsync_neighbour_east_west_103 WEST INPUT port
Connection tile-id 232 to fsync_neighbour_east_west_103 EAST INPUT port
Connection tile-id 263 to fsync_neighbour_east_west_104 WEST INPUT port
Connection tile-id 264 to fsync_neighbour_east_west_104 EAST INPUT port
Connection tile-id 295 to fsync_neighbour_east_west_105 WEST INPUT port
Connection tile-id 296 to fsync_neighbour_east_west_105 EAST INPUT port
Connection tile-id 327 to fsync_neighbour_east_west_106 WEST INPUT port
Connection tile-id 328 to fsync_neighbour_east_west_106 EAST INPUT port
Connection tile-id 359 to fsync_neighbour_east_west_107 WEST INPUT port
Connection tile-id 360 to fsync_neighbour_east_west_107 EAST INPUT port
Connection tile-id 391 to fsync_neighbour_east_west_108 WEST INPUT port
Connection tile-id 392 to fsync_neighbour_east_west_108 EAST INPUT port
Connection tile-id 423 to fsync_neighbour_east_west_109 WEST INPUT port
Connection tile-id 424 to fsync_neighbour_east_west_109 EAST INPUT port
Connection tile-id 455 to fsync_neighbour_east_west_110 WEST INPUT port
Connection tile-id 456 to fsync_neighbour_east_west_110 EAST INPUT port
Connection tile-id 487 to fsync_neighbour_east_west_111 WEST INPUT port
Connection tile-id 488 to fsync_neighbour_east_west_111 EAST INPUT port
Connection tile-id 519 to fsync_neighbour_east_west_112 WEST INPUT port
Connection tile-id 520 to fsync_neighbour_east_west_112 EAST INPUT port
Connection tile-id 551 to fsync_neighbour_east_west_113 WEST INPUT port
Connection tile-id 552 to fsync_neighbour_east_west_113 EAST INPUT port
Connection tile-id 583 to fsync_neighbour_east_west_114 WEST INPUT port
Connection tile-id 584 to fsync_neighbour_east_west_114 EAST INPUT port
Connection tile-id 615 to fsync_neighbour_east_west_115 WEST INPUT port
Connection tile-id 616 to fsync_neighbour_east_west_115 EAST INPUT port
Connection tile-id 647 to fsync_neighbour_east_west_116 WEST INPUT port
Connection tile-id 648 to fsync_neighbour_east_west_116 EAST INPUT port
Connection tile-id 679 to fsync_neighbour_east_west_117 WEST INPUT port
Connection tile-id 680 to fsync_neighbour_east_west_117 EAST INPUT port
Connection tile-id 711 to fsync_neighbour_east_west_118 WEST INPUT port
Connection tile-id 712 to fsync_neighbour_east_west_118 EAST INPUT port
Connection tile-id 743 to fsync_neighbour_east_west_119 WEST INPUT port
Connection tile-id 744 to fsync_neighbour_east_west_119 EAST INPUT port
Connection tile-id 775 to fsync_neighbour_east_west_120 WEST INPUT port
Connection tile-id 776 to fsync_neighbour_east_west_120 EAST INPUT port
Connection tile-id 807 to fsync_neighbour_east_west_121 WEST INPUT port
Connection tile-id 808 to fsync_neighbour_east_west_121 EAST INPUT port
Connection tile-id 839 to fsync_neighbour_east_west_122 WEST INPUT port
Connection tile-id 840 to fsync_neighbour_east_west_122 EAST INPUT port
Connection tile-id 871 to fsync_neighbour_east_west_123 WEST INPUT port
Connection tile-id 872 to fsync_neighbour_east_west_123 EAST INPUT port
Connection tile-id 903 to fsync_neighbour_east_west_124 WEST INPUT port
Connection tile-id 904 to fsync_neighbour_east_west_124 EAST INPUT port
Connection tile-id 935 to fsync_neighbour_east_west_125 WEST INPUT port
Connection tile-id 936 to fsync_neighbour_east_west_125 EAST INPUT port
Connection tile-id 967 to fsync_neighbour_east_west_126 WEST INPUT port
Connection tile-id 968 to fsync_neighbour_east_west_126 EAST INPUT port
Connection tile-id 999 to fsync_neighbour_east_west_127 WEST INPUT port
Connection tile-id 1000 to fsync_neighbour_east_west_127 EAST INPUT port
Connection tile-id 9 to fsync_neighbour_east_west_128 WEST INPUT port
Connection tile-id 10 to fsync_neighbour_east_west_128 EAST INPUT port
Connection tile-id 41 to fsync_neighbour_east_west_129 WEST INPUT port
Connection tile-id 42 to fsync_neighbour_east_west_129 EAST INPUT port
Connection tile-id 73 to fsync_neighbour_east_west_130 WEST INPUT port
Connection tile-id 74 to fsync_neighbour_east_west_130 EAST INPUT port
Connection tile-id 105 to fsync_neighbour_east_west_131 WEST INPUT port
Connection tile-id 106 to fsync_neighbour_east_west_131 EAST INPUT port
Connection tile-id 137 to fsync_neighbour_east_west_132 WEST INPUT port
Connection tile-id 138 to fsync_neighbour_east_west_132 EAST INPUT port
Connection tile-id 169 to fsync_neighbour_east_west_133 WEST INPUT port
Connection tile-id 170 to fsync_neighbour_east_west_133 EAST INPUT port
Connection tile-id 201 to fsync_neighbour_east_west_134 WEST INPUT port
Connection tile-id 202 to fsync_neighbour_east_west_134 EAST INPUT port
Connection tile-id 233 to fsync_neighbour_east_west_135 WEST INPUT port
Connection tile-id 234 to fsync_neighbour_east_west_135 EAST INPUT port
Connection tile-id 265 to fsync_neighbour_east_west_136 WEST INPUT port
Connection tile-id 266 to fsync_neighbour_east_west_136 EAST INPUT port
Connection tile-id 297 to fsync_neighbour_east_west_137 WEST INPUT port
Connection tile-id 298 to fsync_neighbour_east_west_137 EAST INPUT port
Connection tile-id 329 to fsync_neighbour_east_west_138 WEST INPUT port
Connection tile-id 330 to fsync_neighbour_east_west_138 EAST INPUT port
Connection tile-id 361 to fsync_neighbour_east_west_139 WEST INPUT port
Connection tile-id 362 to fsync_neighbour_east_west_139 EAST INPUT port
Connection tile-id 393 to fsync_neighbour_east_west_140 WEST INPUT port
Connection tile-id 394 to fsync_neighbour_east_west_140 EAST INPUT port
Connection tile-id 425 to fsync_neighbour_east_west_141 WEST INPUT port
Connection tile-id 426 to fsync_neighbour_east_west_141 EAST INPUT port
Connection tile-id 457 to fsync_neighbour_east_west_142 WEST INPUT port
Connection tile-id 458 to fsync_neighbour_east_west_142 EAST INPUT port
Connection tile-id 489 to fsync_neighbour_east_west_143 WEST INPUT port
Connection tile-id 490 to fsync_neighbour_east_west_143 EAST INPUT port
Connection tile-id 521 to fsync_neighbour_east_west_144 WEST INPUT port
Connection tile-id 522 to fsync_neighbour_east_west_144 EAST INPUT port
Connection tile-id 553 to fsync_neighbour_east_west_145 WEST INPUT port
Connection tile-id 554 to fsync_neighbour_east_west_145 EAST INPUT port
Connection tile-id 585 to fsync_neighbour_east_west_146 WEST INPUT port
Connection tile-id 586 to fsync_neighbour_east_west_146 EAST INPUT port
Connection tile-id 617 to fsync_neighbour_east_west_147 WEST INPUT port
Connection tile-id 618 to fsync_neighbour_east_west_147 EAST INPUT port
Connection tile-id 649 to fsync_neighbour_east_west_148 WEST INPUT port
Connection tile-id 650 to fsync_neighbour_east_west_148 EAST INPUT port
Connection tile-id 681 to fsync_neighbour_east_west_149 WEST INPUT port
Connection tile-id 682 to fsync_neighbour_east_west_149 EAST INPUT port
Connection tile-id 713 to fsync_neighbour_east_west_150 WEST INPUT port
Connection tile-id 714 to fsync_neighbour_east_west_150 EAST INPUT port
Connection tile-id 745 to fsync_neighbour_east_west_151 WEST INPUT port
Connection tile-id 746 to fsync_neighbour_east_west_151 EAST INPUT port
Connection tile-id 777 to fsync_neighbour_east_west_152 WEST INPUT port
Connection tile-id 778 to fsync_neighbour_east_west_152 EAST INPUT port
Connection tile-id 809 to fsync_neighbour_east_west_153 WEST INPUT port
Connection tile-id 810 to fsync_neighbour_east_west_153 EAST INPUT port
Connection tile-id 841 to fsync_neighbour_east_west_154 WEST INPUT port
Connection tile-id 842 to fsync_neighbour_east_west_154 EAST INPUT port
Connection tile-id 873 to fsync_neighbour_east_west_155 WEST INPUT port
Connection tile-id 874 to fsync_neighbour_east_west_155 EAST INPUT port
Connection tile-id 905 to fsync_neighbour_east_west_156 WEST INPUT port
Connection tile-id 906 to fsync_neighbour_east_west_156 EAST INPUT port
Connection tile-id 937 to fsync_neighbour_east_west_157 WEST INPUT port
Connection tile-id 938 to fsync_neighbour_east_west_157 EAST INPUT port
Connection tile-id 969 to fsync_neighbour_east_west_158 WEST INPUT port
Connection tile-id 970 to fsync_neighbour_east_west_158 EAST INPUT port
Connection tile-id 1001 to fsync_neighbour_east_west_159 WEST INPUT port
Connection tile-id 1002 to fsync_neighbour_east_west_159 EAST INPUT port
Connection tile-id 11 to fsync_neighbour_east_west_160 WEST INPUT port
Connection tile-id 12 to fsync_neighbour_east_west_160 EAST INPUT port
Connection tile-id 43 to fsync_neighbour_east_west_161 WEST INPUT port
Connection tile-id 44 to fsync_neighbour_east_west_161 EAST INPUT port
Connection tile-id 75 to fsync_neighbour_east_west_162 WEST INPUT port
Connection tile-id 76 to fsync_neighbour_east_west_162 EAST INPUT port
Connection tile-id 107 to fsync_neighbour_east_west_163 WEST INPUT port
Connection tile-id 108 to fsync_neighbour_east_west_163 EAST INPUT port
Connection tile-id 139 to fsync_neighbour_east_west_164 WEST INPUT port
Connection tile-id 140 to fsync_neighbour_east_west_164 EAST INPUT port
Connection tile-id 171 to fsync_neighbour_east_west_165 WEST INPUT port
Connection tile-id 172 to fsync_neighbour_east_west_165 EAST INPUT port
Connection tile-id 203 to fsync_neighbour_east_west_166 WEST INPUT port
Connection tile-id 204 to fsync_neighbour_east_west_166 EAST INPUT port
Connection tile-id 235 to fsync_neighbour_east_west_167 WEST INPUT port
Connection tile-id 236 to fsync_neighbour_east_west_167 EAST INPUT port
Connection tile-id 267 to fsync_neighbour_east_west_168 WEST INPUT port
Connection tile-id 268 to fsync_neighbour_east_west_168 EAST INPUT port
Connection tile-id 299 to fsync_neighbour_east_west_169 WEST INPUT port
Connection tile-id 300 to fsync_neighbour_east_west_169 EAST INPUT port
Connection tile-id 331 to fsync_neighbour_east_west_170 WEST INPUT port
Connection tile-id 332 to fsync_neighbour_east_west_170 EAST INPUT port
Connection tile-id 363 to fsync_neighbour_east_west_171 WEST INPUT port
Connection tile-id 364 to fsync_neighbour_east_west_171 EAST INPUT port
Connection tile-id 395 to fsync_neighbour_east_west_172 WEST INPUT port
Connection tile-id 396 to fsync_neighbour_east_west_172 EAST INPUT port
Connection tile-id 427 to fsync_neighbour_east_west_173 WEST INPUT port
Connection tile-id 428 to fsync_neighbour_east_west_173 EAST INPUT port
Connection tile-id 459 to fsync_neighbour_east_west_174 WEST INPUT port
Connection tile-id 460 to fsync_neighbour_east_west_174 EAST INPUT port
Connection tile-id 491 to fsync_neighbour_east_west_175 WEST INPUT port
Connection tile-id 492 to fsync_neighbour_east_west_175 EAST INPUT port
Connection tile-id 523 to fsync_neighbour_east_west_176 WEST INPUT port
Connection tile-id 524 to fsync_neighbour_east_west_176 EAST INPUT port
Connection tile-id 555 to fsync_neighbour_east_west_177 WEST INPUT port
Connection tile-id 556 to fsync_neighbour_east_west_177 EAST INPUT port
Connection tile-id 587 to fsync_neighbour_east_west_178 WEST INPUT port
Connection tile-id 588 to fsync_neighbour_east_west_178 EAST INPUT port
Connection tile-id 619 to fsync_neighbour_east_west_179 WEST INPUT port
Connection tile-id 620 to fsync_neighbour_east_west_179 EAST INPUT port
Connection tile-id 651 to fsync_neighbour_east_west_180 WEST INPUT port
Connection tile-id 652 to fsync_neighbour_east_west_180 EAST INPUT port
Connection tile-id 683 to fsync_neighbour_east_west_181 WEST INPUT port
Connection tile-id 684 to fsync_neighbour_east_west_181 EAST INPUT port
Connection tile-id 715 to fsync_neighbour_east_west_182 WEST INPUT port
Connection tile-id 716 to fsync_neighbour_east_west_182 EAST INPUT port
Connection tile-id 747 to fsync_neighbour_east_west_183 WEST INPUT port
Connection tile-id 748 to fsync_neighbour_east_west_183 EAST INPUT port
Connection tile-id 779 to fsync_neighbour_east_west_184 WEST INPUT port
Connection tile-id 780 to fsync_neighbour_east_west_184 EAST INPUT port
Connection tile-id 811 to fsync_neighbour_east_west_185 WEST INPUT port
Connection tile-id 812 to fsync_neighbour_east_west_185 EAST INPUT port
Connection tile-id 843 to fsync_neighbour_east_west_186 WEST INPUT port
Connection tile-id 844 to fsync_neighbour_east_west_186 EAST INPUT port
Connection tile-id 875 to fsync_neighbour_east_west_187 WEST INPUT port
Connection tile-id 876 to fsync_neighbour_east_west_187 EAST INPUT port
Connection tile-id 907 to fsync_neighbour_east_west_188 WEST INPUT port
Connection tile-id 908 to fsync_neighbour_east_west_188 EAST INPUT port
Connection tile-id 939 to fsync_neighbour_east_west_189 WEST INPUT port
Connection tile-id 940 to fsync_neighbour_east_west_189 EAST INPUT port
Connection tile-id 971 to fsync_neighbour_east_west_190 WEST INPUT port
Connection tile-id 972 to fsync_neighbour_east_west_190 EAST INPUT port
Connection tile-id 1003 to fsync_neighbour_east_west_191 WEST INPUT port
Connection tile-id 1004 to fsync_neighbour_east_west_191 EAST INPUT port
Connection tile-id 13 to fsync_neighbour_east_west_192 WEST INPUT port
Connection tile-id 14 to fsync_neighbour_east_west_192 EAST INPUT port
Connection tile-id 45 to fsync_neighbour_east_west_193 WEST INPUT port
Connection tile-id 46 to fsync_neighbour_east_west_193 EAST INPUT port
Connection tile-id 77 to fsync_neighbour_east_west_194 WEST INPUT port
Connection tile-id 78 to fsync_neighbour_east_west_194 EAST INPUT port
Connection tile-id 109 to fsync_neighbour_east_west_195 WEST INPUT port
Connection tile-id 110 to fsync_neighbour_east_west_195 EAST INPUT port
Connection tile-id 141 to fsync_neighbour_east_west_196 WEST INPUT port
Connection tile-id 142 to fsync_neighbour_east_west_196 EAST INPUT port
Connection tile-id 173 to fsync_neighbour_east_west_197 WEST INPUT port
Connection tile-id 174 to fsync_neighbour_east_west_197 EAST INPUT port
Connection tile-id 205 to fsync_neighbour_east_west_198 WEST INPUT port
Connection tile-id 206 to fsync_neighbour_east_west_198 EAST INPUT port
Connection tile-id 237 to fsync_neighbour_east_west_199 WEST INPUT port
Connection tile-id 238 to fsync_neighbour_east_west_199 EAST INPUT port
Connection tile-id 269 to fsync_neighbour_east_west_200 WEST INPUT port
Connection tile-id 270 to fsync_neighbour_east_west_200 EAST INPUT port
Connection tile-id 301 to fsync_neighbour_east_west_201 WEST INPUT port
Connection tile-id 302 to fsync_neighbour_east_west_201 EAST INPUT port
Connection tile-id 333 to fsync_neighbour_east_west_202 WEST INPUT port
Connection tile-id 334 to fsync_neighbour_east_west_202 EAST INPUT port
Connection tile-id 365 to fsync_neighbour_east_west_203 WEST INPUT port
Connection tile-id 366 to fsync_neighbour_east_west_203 EAST INPUT port
Connection tile-id 397 to fsync_neighbour_east_west_204 WEST INPUT port
Connection tile-id 398 to fsync_neighbour_east_west_204 EAST INPUT port
Connection tile-id 429 to fsync_neighbour_east_west_205 WEST INPUT port
Connection tile-id 430 to fsync_neighbour_east_west_205 EAST INPUT port
Connection tile-id 461 to fsync_neighbour_east_west_206 WEST INPUT port
Connection tile-id 462 to fsync_neighbour_east_west_206 EAST INPUT port
Connection tile-id 493 to fsync_neighbour_east_west_207 WEST INPUT port
Connection tile-id 494 to fsync_neighbour_east_west_207 EAST INPUT port
Connection tile-id 525 to fsync_neighbour_east_west_208 WEST INPUT port
Connection tile-id 526 to fsync_neighbour_east_west_208 EAST INPUT port
Connection tile-id 557 to fsync_neighbour_east_west_209 WEST INPUT port
Connection tile-id 558 to fsync_neighbour_east_west_209 EAST INPUT port
Connection tile-id 589 to fsync_neighbour_east_west_210 WEST INPUT port
Connection tile-id 590 to fsync_neighbour_east_west_210 EAST INPUT port
Connection tile-id 621 to fsync_neighbour_east_west_211 WEST INPUT port
Connection tile-id 622 to fsync_neighbour_east_west_211 EAST INPUT port
Connection tile-id 653 to fsync_neighbour_east_west_212 WEST INPUT port
Connection tile-id 654 to fsync_neighbour_east_west_212 EAST INPUT port
Connection tile-id 685 to fsync_neighbour_east_west_213 WEST INPUT port
Connection tile-id 686 to fsync_neighbour_east_west_213 EAST INPUT port
Connection tile-id 717 to fsync_neighbour_east_west_214 WEST INPUT port
Connection tile-id 718 to fsync_neighbour_east_west_214 EAST INPUT port
Connection tile-id 749 to fsync_neighbour_east_west_215 WEST INPUT port
Connection tile-id 750 to fsync_neighbour_east_west_215 EAST INPUT port
Connection tile-id 781 to fsync_neighbour_east_west_216 WEST INPUT port
Connection tile-id 782 to fsync_neighbour_east_west_216 EAST INPUT port
Connection tile-id 813 to fsync_neighbour_east_west_217 WEST INPUT port
Connection tile-id 814 to fsync_neighbour_east_west_217 EAST INPUT port
Connection tile-id 845 to fsync_neighbour_east_west_218 WEST INPUT port
Connection tile-id 846 to fsync_neighbour_east_west_218 EAST INPUT port
Connection tile-id 877 to fsync_neighbour_east_west_219 WEST INPUT port
Connection tile-id 878 to fsync_neighbour_east_west_219 EAST INPUT port
Connection tile-id 909 to fsync_neighbour_east_west_220 WEST INPUT port
Connection tile-id 910 to fsync_neighbour_east_west_220 EAST INPUT port
Connection tile-id 941 to fsync_neighbour_east_west_221 WEST INPUT port
Connection tile-id 942 to fsync_neighbour_east_west_221 EAST INPUT port
Connection tile-id 973 to fsync_neighbour_east_west_222 WEST INPUT port
Connection tile-id 974 to fsync_neighbour_east_west_222 EAST INPUT port
Connection tile-id 1005 to fsync_neighbour_east_west_223 WEST INPUT port
Connection tile-id 1006 to fsync_neighbour_east_west_223 EAST INPUT port
Connection tile-id 15 to fsync_neighbour_east_west_224 WEST INPUT port
Connection tile-id 16 to fsync_neighbour_east_west_224 EAST INPUT port
Connection tile-id 47 to fsync_neighbour_east_west_225 WEST INPUT port
Connection tile-id 48 to fsync_neighbour_east_west_225 EAST INPUT port
Connection tile-id 79 to fsync_neighbour_east_west_226 WEST INPUT port
Connection tile-id 80 to fsync_neighbour_east_west_226 EAST INPUT port
Connection tile-id 111 to fsync_neighbour_east_west_227 WEST INPUT port
Connection tile-id 112 to fsync_neighbour_east_west_227 EAST INPUT port
Connection tile-id 143 to fsync_neighbour_east_west_228 WEST INPUT port
Connection tile-id 144 to fsync_neighbour_east_west_228 EAST INPUT port
Connection tile-id 175 to fsync_neighbour_east_west_229 WEST INPUT port
Connection tile-id 176 to fsync_neighbour_east_west_229 EAST INPUT port
Connection tile-id 207 to fsync_neighbour_east_west_230 WEST INPUT port
Connection tile-id 208 to fsync_neighbour_east_west_230 EAST INPUT port
Connection tile-id 239 to fsync_neighbour_east_west_231 WEST INPUT port
Connection tile-id 240 to fsync_neighbour_east_west_231 EAST INPUT port
Connection tile-id 271 to fsync_neighbour_east_west_232 WEST INPUT port
Connection tile-id 272 to fsync_neighbour_east_west_232 EAST INPUT port
Connection tile-id 303 to fsync_neighbour_east_west_233 WEST INPUT port
Connection tile-id 304 to fsync_neighbour_east_west_233 EAST INPUT port
Connection tile-id 335 to fsync_neighbour_east_west_234 WEST INPUT port
Connection tile-id 336 to fsync_neighbour_east_west_234 EAST INPUT port
Connection tile-id 367 to fsync_neighbour_east_west_235 WEST INPUT port
Connection tile-id 368 to fsync_neighbour_east_west_235 EAST INPUT port
Connection tile-id 399 to fsync_neighbour_east_west_236 WEST INPUT port
Connection tile-id 400 to fsync_neighbour_east_west_236 EAST INPUT port
Connection tile-id 431 to fsync_neighbour_east_west_237 WEST INPUT port
Connection tile-id 432 to fsync_neighbour_east_west_237 EAST INPUT port
Connection tile-id 463 to fsync_neighbour_east_west_238 WEST INPUT port
Connection tile-id 464 to fsync_neighbour_east_west_238 EAST INPUT port
Connection tile-id 495 to fsync_neighbour_east_west_239 WEST INPUT port
Connection tile-id 496 to fsync_neighbour_east_west_239 EAST INPUT port
Connection tile-id 527 to fsync_neighbour_east_west_240 WEST INPUT port
Connection tile-id 528 to fsync_neighbour_east_west_240 EAST INPUT port
Connection tile-id 559 to fsync_neighbour_east_west_241 WEST INPUT port
Connection tile-id 560 to fsync_neighbour_east_west_241 EAST INPUT port
Connection tile-id 591 to fsync_neighbour_east_west_242 WEST INPUT port
Connection tile-id 592 to fsync_neighbour_east_west_242 EAST INPUT port
Connection tile-id 623 to fsync_neighbour_east_west_243 WEST INPUT port
Connection tile-id 624 to fsync_neighbour_east_west_243 EAST INPUT port
Connection tile-id 655 to fsync_neighbour_east_west_244 WEST INPUT port
Connection tile-id 656 to fsync_neighbour_east_west_244 EAST INPUT port
Connection tile-id 687 to fsync_neighbour_east_west_245 WEST INPUT port
Connection tile-id 688 to fsync_neighbour_east_west_245 EAST INPUT port
Connection tile-id 719 to fsync_neighbour_east_west_246 WEST INPUT port
Connection tile-id 720 to fsync_neighbour_east_west_246 EAST INPUT port
Connection tile-id 751 to fsync_neighbour_east_west_247 WEST INPUT port
Connection tile-id 752 to fsync_neighbour_east_west_247 EAST INPUT port
Connection tile-id 783 to fsync_neighbour_east_west_248 WEST INPUT port
Connection tile-id 784 to fsync_neighbour_east_west_248 EAST INPUT port
Connection tile-id 815 to fsync_neighbour_east_west_249 WEST INPUT port
Connection tile-id 816 to fsync_neighbour_east_west_249 EAST INPUT port
Connection tile-id 847 to fsync_neighbour_east_west_250 WEST INPUT port
Connection tile-id 848 to fsync_neighbour_east_west_250 EAST INPUT port
Connection tile-id 879 to fsync_neighbour_east_west_251 WEST INPUT port
Connection tile-id 880 to fsync_neighbour_east_west_251 EAST INPUT port
Connection tile-id 911 to fsync_neighbour_east_west_252 WEST INPUT port
Connection tile-id 912 to fsync_neighbour_east_west_252 EAST INPUT port
Connection tile-id 943 to fsync_neighbour_east_west_253 WEST INPUT port
Connection tile-id 944 to fsync_neighbour_east_west_253 EAST INPUT port
Connection tile-id 975 to fsync_neighbour_east_west_254 WEST INPUT port
Connection tile-id 976 to fsync_neighbour_east_west_254 EAST INPUT port
Connection tile-id 1007 to fsync_neighbour_east_west_255 WEST INPUT port
Connection tile-id 1008 to fsync_neighbour_east_west_255 EAST INPUT port
Connection tile-id 17 to fsync_neighbour_east_west_256 WEST INPUT port
Connection tile-id 18 to fsync_neighbour_east_west_256 EAST INPUT port
Connection tile-id 49 to fsync_neighbour_east_west_257 WEST INPUT port
Connection tile-id 50 to fsync_neighbour_east_west_257 EAST INPUT port
Connection tile-id 81 to fsync_neighbour_east_west_258 WEST INPUT port
Connection tile-id 82 to fsync_neighbour_east_west_258 EAST INPUT port
Connection tile-id 113 to fsync_neighbour_east_west_259 WEST INPUT port
Connection tile-id 114 to fsync_neighbour_east_west_259 EAST INPUT port
Connection tile-id 145 to fsync_neighbour_east_west_260 WEST INPUT port
Connection tile-id 146 to fsync_neighbour_east_west_260 EAST INPUT port
Connection tile-id 177 to fsync_neighbour_east_west_261 WEST INPUT port
Connection tile-id 178 to fsync_neighbour_east_west_261 EAST INPUT port
Connection tile-id 209 to fsync_neighbour_east_west_262 WEST INPUT port
Connection tile-id 210 to fsync_neighbour_east_west_262 EAST INPUT port
Connection tile-id 241 to fsync_neighbour_east_west_263 WEST INPUT port
Connection tile-id 242 to fsync_neighbour_east_west_263 EAST INPUT port
Connection tile-id 273 to fsync_neighbour_east_west_264 WEST INPUT port
Connection tile-id 274 to fsync_neighbour_east_west_264 EAST INPUT port
Connection tile-id 305 to fsync_neighbour_east_west_265 WEST INPUT port
Connection tile-id 306 to fsync_neighbour_east_west_265 EAST INPUT port
Connection tile-id 337 to fsync_neighbour_east_west_266 WEST INPUT port
Connection tile-id 338 to fsync_neighbour_east_west_266 EAST INPUT port
Connection tile-id 369 to fsync_neighbour_east_west_267 WEST INPUT port
Connection tile-id 370 to fsync_neighbour_east_west_267 EAST INPUT port
Connection tile-id 401 to fsync_neighbour_east_west_268 WEST INPUT port
Connection tile-id 402 to fsync_neighbour_east_west_268 EAST INPUT port
Connection tile-id 433 to fsync_neighbour_east_west_269 WEST INPUT port
Connection tile-id 434 to fsync_neighbour_east_west_269 EAST INPUT port
Connection tile-id 465 to fsync_neighbour_east_west_270 WEST INPUT port
Connection tile-id 466 to fsync_neighbour_east_west_270 EAST INPUT port
Connection tile-id 497 to fsync_neighbour_east_west_271 WEST INPUT port
Connection tile-id 498 to fsync_neighbour_east_west_271 EAST INPUT port
Connection tile-id 529 to fsync_neighbour_east_west_272 WEST INPUT port
Connection tile-id 530 to fsync_neighbour_east_west_272 EAST INPUT port
Connection tile-id 561 to fsync_neighbour_east_west_273 WEST INPUT port
Connection tile-id 562 to fsync_neighbour_east_west_273 EAST INPUT port
Connection tile-id 593 to fsync_neighbour_east_west_274 WEST INPUT port
Connection tile-id 594 to fsync_neighbour_east_west_274 EAST INPUT port
Connection tile-id 625 to fsync_neighbour_east_west_275 WEST INPUT port
Connection tile-id 626 to fsync_neighbour_east_west_275 EAST INPUT port
Connection tile-id 657 to fsync_neighbour_east_west_276 WEST INPUT port
Connection tile-id 658 to fsync_neighbour_east_west_276 EAST INPUT port
Connection tile-id 689 to fsync_neighbour_east_west_277 WEST INPUT port
Connection tile-id 690 to fsync_neighbour_east_west_277 EAST INPUT port
Connection tile-id 721 to fsync_neighbour_east_west_278 WEST INPUT port
Connection tile-id 722 to fsync_neighbour_east_west_278 EAST INPUT port
Connection tile-id 753 to fsync_neighbour_east_west_279 WEST INPUT port
Connection tile-id 754 to fsync_neighbour_east_west_279 EAST INPUT port
Connection tile-id 785 to fsync_neighbour_east_west_280 WEST INPUT port
Connection tile-id 786 to fsync_neighbour_east_west_280 EAST INPUT port
Connection tile-id 817 to fsync_neighbour_east_west_281 WEST INPUT port
Connection tile-id 818 to fsync_neighbour_east_west_281 EAST INPUT port
Connection tile-id 849 to fsync_neighbour_east_west_282 WEST INPUT port
Connection tile-id 850 to fsync_neighbour_east_west_282 EAST INPUT port
Connection tile-id 881 to fsync_neighbour_east_west_283 WEST INPUT port
Connection tile-id 882 to fsync_neighbour_east_west_283 EAST INPUT port
Connection tile-id 913 to fsync_neighbour_east_west_284 WEST INPUT port
Connection tile-id 914 to fsync_neighbour_east_west_284 EAST INPUT port
Connection tile-id 945 to fsync_neighbour_east_west_285 WEST INPUT port
Connection tile-id 946 to fsync_neighbour_east_west_285 EAST INPUT port
Connection tile-id 977 to fsync_neighbour_east_west_286 WEST INPUT port
Connection tile-id 978 to fsync_neighbour_east_west_286 EAST INPUT port
Connection tile-id 1009 to fsync_neighbour_east_west_287 WEST INPUT port
Connection tile-id 1010 to fsync_neighbour_east_west_287 EAST INPUT port
Connection tile-id 19 to fsync_neighbour_east_west_288 WEST INPUT port
Connection tile-id 20 to fsync_neighbour_east_west_288 EAST INPUT port
Connection tile-id 51 to fsync_neighbour_east_west_289 WEST INPUT port
Connection tile-id 52 to fsync_neighbour_east_west_289 EAST INPUT port
Connection tile-id 83 to fsync_neighbour_east_west_290 WEST INPUT port
Connection tile-id 84 to fsync_neighbour_east_west_290 EAST INPUT port
Connection tile-id 115 to fsync_neighbour_east_west_291 WEST INPUT port
Connection tile-id 116 to fsync_neighbour_east_west_291 EAST INPUT port
Connection tile-id 147 to fsync_neighbour_east_west_292 WEST INPUT port
Connection tile-id 148 to fsync_neighbour_east_west_292 EAST INPUT port
Connection tile-id 179 to fsync_neighbour_east_west_293 WEST INPUT port
Connection tile-id 180 to fsync_neighbour_east_west_293 EAST INPUT port
Connection tile-id 211 to fsync_neighbour_east_west_294 WEST INPUT port
Connection tile-id 212 to fsync_neighbour_east_west_294 EAST INPUT port
Connection tile-id 243 to fsync_neighbour_east_west_295 WEST INPUT port
Connection tile-id 244 to fsync_neighbour_east_west_295 EAST INPUT port
Connection tile-id 275 to fsync_neighbour_east_west_296 WEST INPUT port
Connection tile-id 276 to fsync_neighbour_east_west_296 EAST INPUT port
Connection tile-id 307 to fsync_neighbour_east_west_297 WEST INPUT port
Connection tile-id 308 to fsync_neighbour_east_west_297 EAST INPUT port
Connection tile-id 339 to fsync_neighbour_east_west_298 WEST INPUT port
Connection tile-id 340 to fsync_neighbour_east_west_298 EAST INPUT port
Connection tile-id 371 to fsync_neighbour_east_west_299 WEST INPUT port
Connection tile-id 372 to fsync_neighbour_east_west_299 EAST INPUT port
Connection tile-id 403 to fsync_neighbour_east_west_300 WEST INPUT port
Connection tile-id 404 to fsync_neighbour_east_west_300 EAST INPUT port
Connection tile-id 435 to fsync_neighbour_east_west_301 WEST INPUT port
Connection tile-id 436 to fsync_neighbour_east_west_301 EAST INPUT port
Connection tile-id 467 to fsync_neighbour_east_west_302 WEST INPUT port
Connection tile-id 468 to fsync_neighbour_east_west_302 EAST INPUT port
Connection tile-id 499 to fsync_neighbour_east_west_303 WEST INPUT port
Connection tile-id 500 to fsync_neighbour_east_west_303 EAST INPUT port
Connection tile-id 531 to fsync_neighbour_east_west_304 WEST INPUT port
Connection tile-id 532 to fsync_neighbour_east_west_304 EAST INPUT port
Connection tile-id 563 to fsync_neighbour_east_west_305 WEST INPUT port
Connection tile-id 564 to fsync_neighbour_east_west_305 EAST INPUT port
Connection tile-id 595 to fsync_neighbour_east_west_306 WEST INPUT port
Connection tile-id 596 to fsync_neighbour_east_west_306 EAST INPUT port
Connection tile-id 627 to fsync_neighbour_east_west_307 WEST INPUT port
Connection tile-id 628 to fsync_neighbour_east_west_307 EAST INPUT port
Connection tile-id 659 to fsync_neighbour_east_west_308 WEST INPUT port
Connection tile-id 660 to fsync_neighbour_east_west_308 EAST INPUT port
Connection tile-id 691 to fsync_neighbour_east_west_309 WEST INPUT port
Connection tile-id 692 to fsync_neighbour_east_west_309 EAST INPUT port
Connection tile-id 723 to fsync_neighbour_east_west_310 WEST INPUT port
Connection tile-id 724 to fsync_neighbour_east_west_310 EAST INPUT port
Connection tile-id 755 to fsync_neighbour_east_west_311 WEST INPUT port
Connection tile-id 756 to fsync_neighbour_east_west_311 EAST INPUT port
Connection tile-id 787 to fsync_neighbour_east_west_312 WEST INPUT port
Connection tile-id 788 to fsync_neighbour_east_west_312 EAST INPUT port
Connection tile-id 819 to fsync_neighbour_east_west_313 WEST INPUT port
Connection tile-id 820 to fsync_neighbour_east_west_313 EAST INPUT port
Connection tile-id 851 to fsync_neighbour_east_west_314 WEST INPUT port
Connection tile-id 852 to fsync_neighbour_east_west_314 EAST INPUT port
Connection tile-id 883 to fsync_neighbour_east_west_315 WEST INPUT port
Connection tile-id 884 to fsync_neighbour_east_west_315 EAST INPUT port
Connection tile-id 915 to fsync_neighbour_east_west_316 WEST INPUT port
Connection tile-id 916 to fsync_neighbour_east_west_316 EAST INPUT port
Connection tile-id 947 to fsync_neighbour_east_west_317 WEST INPUT port
Connection tile-id 948 to fsync_neighbour_east_west_317 EAST INPUT port
Connection tile-id 979 to fsync_neighbour_east_west_318 WEST INPUT port
Connection tile-id 980 to fsync_neighbour_east_west_318 EAST INPUT port
Connection tile-id 1011 to fsync_neighbour_east_west_319 WEST INPUT port
Connection tile-id 1012 to fsync_neighbour_east_west_319 EAST INPUT port
Connection tile-id 21 to fsync_neighbour_east_west_320 WEST INPUT port
Connection tile-id 22 to fsync_neighbour_east_west_320 EAST INPUT port
Connection tile-id 53 to fsync_neighbour_east_west_321 WEST INPUT port
Connection tile-id 54 to fsync_neighbour_east_west_321 EAST INPUT port
Connection tile-id 85 to fsync_neighbour_east_west_322 WEST INPUT port
Connection tile-id 86 to fsync_neighbour_east_west_322 EAST INPUT port
Connection tile-id 117 to fsync_neighbour_east_west_323 WEST INPUT port
Connection tile-id 118 to fsync_neighbour_east_west_323 EAST INPUT port
Connection tile-id 149 to fsync_neighbour_east_west_324 WEST INPUT port
Connection tile-id 150 to fsync_neighbour_east_west_324 EAST INPUT port
Connection tile-id 181 to fsync_neighbour_east_west_325 WEST INPUT port
Connection tile-id 182 to fsync_neighbour_east_west_325 EAST INPUT port
Connection tile-id 213 to fsync_neighbour_east_west_326 WEST INPUT port
Connection tile-id 214 to fsync_neighbour_east_west_326 EAST INPUT port
Connection tile-id 245 to fsync_neighbour_east_west_327 WEST INPUT port
Connection tile-id 246 to fsync_neighbour_east_west_327 EAST INPUT port
Connection tile-id 277 to fsync_neighbour_east_west_328 WEST INPUT port
Connection tile-id 278 to fsync_neighbour_east_west_328 EAST INPUT port
Connection tile-id 309 to fsync_neighbour_east_west_329 WEST INPUT port
Connection tile-id 310 to fsync_neighbour_east_west_329 EAST INPUT port
Connection tile-id 341 to fsync_neighbour_east_west_330 WEST INPUT port
Connection tile-id 342 to fsync_neighbour_east_west_330 EAST INPUT port
Connection tile-id 373 to fsync_neighbour_east_west_331 WEST INPUT port
Connection tile-id 374 to fsync_neighbour_east_west_331 EAST INPUT port
Connection tile-id 405 to fsync_neighbour_east_west_332 WEST INPUT port
Connection tile-id 406 to fsync_neighbour_east_west_332 EAST INPUT port
Connection tile-id 437 to fsync_neighbour_east_west_333 WEST INPUT port
Connection tile-id 438 to fsync_neighbour_east_west_333 EAST INPUT port
Connection tile-id 469 to fsync_neighbour_east_west_334 WEST INPUT port
Connection tile-id 470 to fsync_neighbour_east_west_334 EAST INPUT port
Connection tile-id 501 to fsync_neighbour_east_west_335 WEST INPUT port
Connection tile-id 502 to fsync_neighbour_east_west_335 EAST INPUT port
Connection tile-id 533 to fsync_neighbour_east_west_336 WEST INPUT port
Connection tile-id 534 to fsync_neighbour_east_west_336 EAST INPUT port
Connection tile-id 565 to fsync_neighbour_east_west_337 WEST INPUT port
Connection tile-id 566 to fsync_neighbour_east_west_337 EAST INPUT port
Connection tile-id 597 to fsync_neighbour_east_west_338 WEST INPUT port
Connection tile-id 598 to fsync_neighbour_east_west_338 EAST INPUT port
Connection tile-id 629 to fsync_neighbour_east_west_339 WEST INPUT port
Connection tile-id 630 to fsync_neighbour_east_west_339 EAST INPUT port
Connection tile-id 661 to fsync_neighbour_east_west_340 WEST INPUT port
Connection tile-id 662 to fsync_neighbour_east_west_340 EAST INPUT port
Connection tile-id 693 to fsync_neighbour_east_west_341 WEST INPUT port
Connection tile-id 694 to fsync_neighbour_east_west_341 EAST INPUT port
Connection tile-id 725 to fsync_neighbour_east_west_342 WEST INPUT port
Connection tile-id 726 to fsync_neighbour_east_west_342 EAST INPUT port
Connection tile-id 757 to fsync_neighbour_east_west_343 WEST INPUT port
Connection tile-id 758 to fsync_neighbour_east_west_343 EAST INPUT port
Connection tile-id 789 to fsync_neighbour_east_west_344 WEST INPUT port
Connection tile-id 790 to fsync_neighbour_east_west_344 EAST INPUT port
Connection tile-id 821 to fsync_neighbour_east_west_345 WEST INPUT port
Connection tile-id 822 to fsync_neighbour_east_west_345 EAST INPUT port
Connection tile-id 853 to fsync_neighbour_east_west_346 WEST INPUT port
Connection tile-id 854 to fsync_neighbour_east_west_346 EAST INPUT port
Connection tile-id 885 to fsync_neighbour_east_west_347 WEST INPUT port
Connection tile-id 886 to fsync_neighbour_east_west_347 EAST INPUT port
Connection tile-id 917 to fsync_neighbour_east_west_348 WEST INPUT port
Connection tile-id 918 to fsync_neighbour_east_west_348 EAST INPUT port
Connection tile-id 949 to fsync_neighbour_east_west_349 WEST INPUT port
Connection tile-id 950 to fsync_neighbour_east_west_349 EAST INPUT port
Connection tile-id 981 to fsync_neighbour_east_west_350 WEST INPUT port
Connection tile-id 982 to fsync_neighbour_east_west_350 EAST INPUT port
Connection tile-id 1013 to fsync_neighbour_east_west_351 WEST INPUT port
Connection tile-id 1014 to fsync_neighbour_east_west_351 EAST INPUT port
Connection tile-id 23 to fsync_neighbour_east_west_352 WEST INPUT port
Connection tile-id 24 to fsync_neighbour_east_west_352 EAST INPUT port
Connection tile-id 55 to fsync_neighbour_east_west_353 WEST INPUT port
Connection tile-id 56 to fsync_neighbour_east_west_353 EAST INPUT port
Connection tile-id 87 to fsync_neighbour_east_west_354 WEST INPUT port
Connection tile-id 88 to fsync_neighbour_east_west_354 EAST INPUT port
Connection tile-id 119 to fsync_neighbour_east_west_355 WEST INPUT port
Connection tile-id 120 to fsync_neighbour_east_west_355 EAST INPUT port
Connection tile-id 151 to fsync_neighbour_east_west_356 WEST INPUT port
Connection tile-id 152 to fsync_neighbour_east_west_356 EAST INPUT port
Connection tile-id 183 to fsync_neighbour_east_west_357 WEST INPUT port
Connection tile-id 184 to fsync_neighbour_east_west_357 EAST INPUT port
Connection tile-id 215 to fsync_neighbour_east_west_358 WEST INPUT port
Connection tile-id 216 to fsync_neighbour_east_west_358 EAST INPUT port
Connection tile-id 247 to fsync_neighbour_east_west_359 WEST INPUT port
Connection tile-id 248 to fsync_neighbour_east_west_359 EAST INPUT port
Connection tile-id 279 to fsync_neighbour_east_west_360 WEST INPUT port
Connection tile-id 280 to fsync_neighbour_east_west_360 EAST INPUT port
Connection tile-id 311 to fsync_neighbour_east_west_361 WEST INPUT port
Connection tile-id 312 to fsync_neighbour_east_west_361 EAST INPUT port
Connection tile-id 343 to fsync_neighbour_east_west_362 WEST INPUT port
Connection tile-id 344 to fsync_neighbour_east_west_362 EAST INPUT port
Connection tile-id 375 to fsync_neighbour_east_west_363 WEST INPUT port
Connection tile-id 376 to fsync_neighbour_east_west_363 EAST INPUT port
Connection tile-id 407 to fsync_neighbour_east_west_364 WEST INPUT port
Connection tile-id 408 to fsync_neighbour_east_west_364 EAST INPUT port
Connection tile-id 439 to fsync_neighbour_east_west_365 WEST INPUT port
Connection tile-id 440 to fsync_neighbour_east_west_365 EAST INPUT port
Connection tile-id 471 to fsync_neighbour_east_west_366 WEST INPUT port
Connection tile-id 472 to fsync_neighbour_east_west_366 EAST INPUT port
Connection tile-id 503 to fsync_neighbour_east_west_367 WEST INPUT port
Connection tile-id 504 to fsync_neighbour_east_west_367 EAST INPUT port
Connection tile-id 535 to fsync_neighbour_east_west_368 WEST INPUT port
Connection tile-id 536 to fsync_neighbour_east_west_368 EAST INPUT port
Connection tile-id 567 to fsync_neighbour_east_west_369 WEST INPUT port
Connection tile-id 568 to fsync_neighbour_east_west_369 EAST INPUT port
Connection tile-id 599 to fsync_neighbour_east_west_370 WEST INPUT port
Connection tile-id 600 to fsync_neighbour_east_west_370 EAST INPUT port
Connection tile-id 631 to fsync_neighbour_east_west_371 WEST INPUT port
Connection tile-id 632 to fsync_neighbour_east_west_371 EAST INPUT port
Connection tile-id 663 to fsync_neighbour_east_west_372 WEST INPUT port
Connection tile-id 664 to fsync_neighbour_east_west_372 EAST INPUT port
Connection tile-id 695 to fsync_neighbour_east_west_373 WEST INPUT port
Connection tile-id 696 to fsync_neighbour_east_west_373 EAST INPUT port
Connection tile-id 727 to fsync_neighbour_east_west_374 WEST INPUT port
Connection tile-id 728 to fsync_neighbour_east_west_374 EAST INPUT port
Connection tile-id 759 to fsync_neighbour_east_west_375 WEST INPUT port
Connection tile-id 760 to fsync_neighbour_east_west_375 EAST INPUT port
Connection tile-id 791 to fsync_neighbour_east_west_376 WEST INPUT port
Connection tile-id 792 to fsync_neighbour_east_west_376 EAST INPUT port
Connection tile-id 823 to fsync_neighbour_east_west_377 WEST INPUT port
Connection tile-id 824 to fsync_neighbour_east_west_377 EAST INPUT port
Connection tile-id 855 to fsync_neighbour_east_west_378 WEST INPUT port
Connection tile-id 856 to fsync_neighbour_east_west_378 EAST INPUT port
Connection tile-id 887 to fsync_neighbour_east_west_379 WEST INPUT port
Connection tile-id 888 to fsync_neighbour_east_west_379 EAST INPUT port
Connection tile-id 919 to fsync_neighbour_east_west_380 WEST INPUT port
Connection tile-id 920 to fsync_neighbour_east_west_380 EAST INPUT port
Connection tile-id 951 to fsync_neighbour_east_west_381 WEST INPUT port
Connection tile-id 952 to fsync_neighbour_east_west_381 EAST INPUT port
Connection tile-id 983 to fsync_neighbour_east_west_382 WEST INPUT port
Connection tile-id 984 to fsync_neighbour_east_west_382 EAST INPUT port
Connection tile-id 1015 to fsync_neighbour_east_west_383 WEST INPUT port
Connection tile-id 1016 to fsync_neighbour_east_west_383 EAST INPUT port
Connection tile-id 25 to fsync_neighbour_east_west_384 WEST INPUT port
Connection tile-id 26 to fsync_neighbour_east_west_384 EAST INPUT port
Connection tile-id 57 to fsync_neighbour_east_west_385 WEST INPUT port
Connection tile-id 58 to fsync_neighbour_east_west_385 EAST INPUT port
Connection tile-id 89 to fsync_neighbour_east_west_386 WEST INPUT port
Connection tile-id 90 to fsync_neighbour_east_west_386 EAST INPUT port
Connection tile-id 121 to fsync_neighbour_east_west_387 WEST INPUT port
Connection tile-id 122 to fsync_neighbour_east_west_387 EAST INPUT port
Connection tile-id 153 to fsync_neighbour_east_west_388 WEST INPUT port
Connection tile-id 154 to fsync_neighbour_east_west_388 EAST INPUT port
Connection tile-id 185 to fsync_neighbour_east_west_389 WEST INPUT port
Connection tile-id 186 to fsync_neighbour_east_west_389 EAST INPUT port
Connection tile-id 217 to fsync_neighbour_east_west_390 WEST INPUT port
Connection tile-id 218 to fsync_neighbour_east_west_390 EAST INPUT port
Connection tile-id 249 to fsync_neighbour_east_west_391 WEST INPUT port
Connection tile-id 250 to fsync_neighbour_east_west_391 EAST INPUT port
Connection tile-id 281 to fsync_neighbour_east_west_392 WEST INPUT port
Connection tile-id 282 to fsync_neighbour_east_west_392 EAST INPUT port
Connection tile-id 313 to fsync_neighbour_east_west_393 WEST INPUT port
Connection tile-id 314 to fsync_neighbour_east_west_393 EAST INPUT port
Connection tile-id 345 to fsync_neighbour_east_west_394 WEST INPUT port
Connection tile-id 346 to fsync_neighbour_east_west_394 EAST INPUT port
Connection tile-id 377 to fsync_neighbour_east_west_395 WEST INPUT port
Connection tile-id 378 to fsync_neighbour_east_west_395 EAST INPUT port
Connection tile-id 409 to fsync_neighbour_east_west_396 WEST INPUT port
Connection tile-id 410 to fsync_neighbour_east_west_396 EAST INPUT port
Connection tile-id 441 to fsync_neighbour_east_west_397 WEST INPUT port
Connection tile-id 442 to fsync_neighbour_east_west_397 EAST INPUT port
Connection tile-id 473 to fsync_neighbour_east_west_398 WEST INPUT port
Connection tile-id 474 to fsync_neighbour_east_west_398 EAST INPUT port
Connection tile-id 505 to fsync_neighbour_east_west_399 WEST INPUT port
Connection tile-id 506 to fsync_neighbour_east_west_399 EAST INPUT port
Connection tile-id 537 to fsync_neighbour_east_west_400 WEST INPUT port
Connection tile-id 538 to fsync_neighbour_east_west_400 EAST INPUT port
Connection tile-id 569 to fsync_neighbour_east_west_401 WEST INPUT port
Connection tile-id 570 to fsync_neighbour_east_west_401 EAST INPUT port
Connection tile-id 601 to fsync_neighbour_east_west_402 WEST INPUT port
Connection tile-id 602 to fsync_neighbour_east_west_402 EAST INPUT port
Connection tile-id 633 to fsync_neighbour_east_west_403 WEST INPUT port
Connection tile-id 634 to fsync_neighbour_east_west_403 EAST INPUT port
Connection tile-id 665 to fsync_neighbour_east_west_404 WEST INPUT port
Connection tile-id 666 to fsync_neighbour_east_west_404 EAST INPUT port
Connection tile-id 697 to fsync_neighbour_east_west_405 WEST INPUT port
Connection tile-id 698 to fsync_neighbour_east_west_405 EAST INPUT port
Connection tile-id 729 to fsync_neighbour_east_west_406 WEST INPUT port
Connection tile-id 730 to fsync_neighbour_east_west_406 EAST INPUT port
Connection tile-id 761 to fsync_neighbour_east_west_407 WEST INPUT port
Connection tile-id 762 to fsync_neighbour_east_west_407 EAST INPUT port
Connection tile-id 793 to fsync_neighbour_east_west_408 WEST INPUT port
Connection tile-id 794 to fsync_neighbour_east_west_408 EAST INPUT port
Connection tile-id 825 to fsync_neighbour_east_west_409 WEST INPUT port
Connection tile-id 826 to fsync_neighbour_east_west_409 EAST INPUT port
Connection tile-id 857 to fsync_neighbour_east_west_410 WEST INPUT port
Connection tile-id 858 to fsync_neighbour_east_west_410 EAST INPUT port
Connection tile-id 889 to fsync_neighbour_east_west_411 WEST INPUT port
Connection tile-id 890 to fsync_neighbour_east_west_411 EAST INPUT port
Connection tile-id 921 to fsync_neighbour_east_west_412 WEST INPUT port
Connection tile-id 922 to fsync_neighbour_east_west_412 EAST INPUT port
Connection tile-id 953 to fsync_neighbour_east_west_413 WEST INPUT port
Connection tile-id 954 to fsync_neighbour_east_west_413 EAST INPUT port
Connection tile-id 985 to fsync_neighbour_east_west_414 WEST INPUT port
Connection tile-id 986 to fsync_neighbour_east_west_414 EAST INPUT port
Connection tile-id 1017 to fsync_neighbour_east_west_415 WEST INPUT port
Connection tile-id 1018 to fsync_neighbour_east_west_415 EAST INPUT port
Connection tile-id 27 to fsync_neighbour_east_west_416 WEST INPUT port
Connection tile-id 28 to fsync_neighbour_east_west_416 EAST INPUT port
Connection tile-id 59 to fsync_neighbour_east_west_417 WEST INPUT port
Connection tile-id 60 to fsync_neighbour_east_west_417 EAST INPUT port
Connection tile-id 91 to fsync_neighbour_east_west_418 WEST INPUT port
Connection tile-id 92 to fsync_neighbour_east_west_418 EAST INPUT port
Connection tile-id 123 to fsync_neighbour_east_west_419 WEST INPUT port
Connection tile-id 124 to fsync_neighbour_east_west_419 EAST INPUT port
Connection tile-id 155 to fsync_neighbour_east_west_420 WEST INPUT port
Connection tile-id 156 to fsync_neighbour_east_west_420 EAST INPUT port
Connection tile-id 187 to fsync_neighbour_east_west_421 WEST INPUT port
Connection tile-id 188 to fsync_neighbour_east_west_421 EAST INPUT port
Connection tile-id 219 to fsync_neighbour_east_west_422 WEST INPUT port
Connection tile-id 220 to fsync_neighbour_east_west_422 EAST INPUT port
Connection tile-id 251 to fsync_neighbour_east_west_423 WEST INPUT port
Connection tile-id 252 to fsync_neighbour_east_west_423 EAST INPUT port
Connection tile-id 283 to fsync_neighbour_east_west_424 WEST INPUT port
Connection tile-id 284 to fsync_neighbour_east_west_424 EAST INPUT port
Connection tile-id 315 to fsync_neighbour_east_west_425 WEST INPUT port
Connection tile-id 316 to fsync_neighbour_east_west_425 EAST INPUT port
Connection tile-id 347 to fsync_neighbour_east_west_426 WEST INPUT port
Connection tile-id 348 to fsync_neighbour_east_west_426 EAST INPUT port
Connection tile-id 379 to fsync_neighbour_east_west_427 WEST INPUT port
Connection tile-id 380 to fsync_neighbour_east_west_427 EAST INPUT port
Connection tile-id 411 to fsync_neighbour_east_west_428 WEST INPUT port
Connection tile-id 412 to fsync_neighbour_east_west_428 EAST INPUT port
Connection tile-id 443 to fsync_neighbour_east_west_429 WEST INPUT port
Connection tile-id 444 to fsync_neighbour_east_west_429 EAST INPUT port
Connection tile-id 475 to fsync_neighbour_east_west_430 WEST INPUT port
Connection tile-id 476 to fsync_neighbour_east_west_430 EAST INPUT port
Connection tile-id 507 to fsync_neighbour_east_west_431 WEST INPUT port
Connection tile-id 508 to fsync_neighbour_east_west_431 EAST INPUT port
Connection tile-id 539 to fsync_neighbour_east_west_432 WEST INPUT port
Connection tile-id 540 to fsync_neighbour_east_west_432 EAST INPUT port
Connection tile-id 571 to fsync_neighbour_east_west_433 WEST INPUT port
Connection tile-id 572 to fsync_neighbour_east_west_433 EAST INPUT port
Connection tile-id 603 to fsync_neighbour_east_west_434 WEST INPUT port
Connection tile-id 604 to fsync_neighbour_east_west_434 EAST INPUT port
Connection tile-id 635 to fsync_neighbour_east_west_435 WEST INPUT port
Connection tile-id 636 to fsync_neighbour_east_west_435 EAST INPUT port
Connection tile-id 667 to fsync_neighbour_east_west_436 WEST INPUT port
Connection tile-id 668 to fsync_neighbour_east_west_436 EAST INPUT port
Connection tile-id 699 to fsync_neighbour_east_west_437 WEST INPUT port
Connection tile-id 700 to fsync_neighbour_east_west_437 EAST INPUT port
Connection tile-id 731 to fsync_neighbour_east_west_438 WEST INPUT port
Connection tile-id 732 to fsync_neighbour_east_west_438 EAST INPUT port
Connection tile-id 763 to fsync_neighbour_east_west_439 WEST INPUT port
Connection tile-id 764 to fsync_neighbour_east_west_439 EAST INPUT port
Connection tile-id 795 to fsync_neighbour_east_west_440 WEST INPUT port
Connection tile-id 796 to fsync_neighbour_east_west_440 EAST INPUT port
Connection tile-id 827 to fsync_neighbour_east_west_441 WEST INPUT port
Connection tile-id 828 to fsync_neighbour_east_west_441 EAST INPUT port
Connection tile-id 859 to fsync_neighbour_east_west_442 WEST INPUT port
Connection tile-id 860 to fsync_neighbour_east_west_442 EAST INPUT port
Connection tile-id 891 to fsync_neighbour_east_west_443 WEST INPUT port
Connection tile-id 892 to fsync_neighbour_east_west_443 EAST INPUT port
Connection tile-id 923 to fsync_neighbour_east_west_444 WEST INPUT port
Connection tile-id 924 to fsync_neighbour_east_west_444 EAST INPUT port
Connection tile-id 955 to fsync_neighbour_east_west_445 WEST INPUT port
Connection tile-id 956 to fsync_neighbour_east_west_445 EAST INPUT port
Connection tile-id 987 to fsync_neighbour_east_west_446 WEST INPUT port
Connection tile-id 988 to fsync_neighbour_east_west_446 EAST INPUT port
Connection tile-id 1019 to fsync_neighbour_east_west_447 WEST INPUT port
Connection tile-id 1020 to fsync_neighbour_east_west_447 EAST INPUT port
Connection tile-id 29 to fsync_neighbour_east_west_448 WEST INPUT port
Connection tile-id 30 to fsync_neighbour_east_west_448 EAST INPUT port
Connection tile-id 61 to fsync_neighbour_east_west_449 WEST INPUT port
Connection tile-id 62 to fsync_neighbour_east_west_449 EAST INPUT port
Connection tile-id 93 to fsync_neighbour_east_west_450 WEST INPUT port
Connection tile-id 94 to fsync_neighbour_east_west_450 EAST INPUT port
Connection tile-id 125 to fsync_neighbour_east_west_451 WEST INPUT port
Connection tile-id 126 to fsync_neighbour_east_west_451 EAST INPUT port
Connection tile-id 157 to fsync_neighbour_east_west_452 WEST INPUT port
Connection tile-id 158 to fsync_neighbour_east_west_452 EAST INPUT port
Connection tile-id 189 to fsync_neighbour_east_west_453 WEST INPUT port
Connection tile-id 190 to fsync_neighbour_east_west_453 EAST INPUT port
Connection tile-id 221 to fsync_neighbour_east_west_454 WEST INPUT port
Connection tile-id 222 to fsync_neighbour_east_west_454 EAST INPUT port
Connection tile-id 253 to fsync_neighbour_east_west_455 WEST INPUT port
Connection tile-id 254 to fsync_neighbour_east_west_455 EAST INPUT port
Connection tile-id 285 to fsync_neighbour_east_west_456 WEST INPUT port
Connection tile-id 286 to fsync_neighbour_east_west_456 EAST INPUT port
Connection tile-id 317 to fsync_neighbour_east_west_457 WEST INPUT port
Connection tile-id 318 to fsync_neighbour_east_west_457 EAST INPUT port
Connection tile-id 349 to fsync_neighbour_east_west_458 WEST INPUT port
Connection tile-id 350 to fsync_neighbour_east_west_458 EAST INPUT port
Connection tile-id 381 to fsync_neighbour_east_west_459 WEST INPUT port
Connection tile-id 382 to fsync_neighbour_east_west_459 EAST INPUT port
Connection tile-id 413 to fsync_neighbour_east_west_460 WEST INPUT port
Connection tile-id 414 to fsync_neighbour_east_west_460 EAST INPUT port
Connection tile-id 445 to fsync_neighbour_east_west_461 WEST INPUT port
Connection tile-id 446 to fsync_neighbour_east_west_461 EAST INPUT port
Connection tile-id 477 to fsync_neighbour_east_west_462 WEST INPUT port
Connection tile-id 478 to fsync_neighbour_east_west_462 EAST INPUT port
Connection tile-id 509 to fsync_neighbour_east_west_463 WEST INPUT port
Connection tile-id 510 to fsync_neighbour_east_west_463 EAST INPUT port
Connection tile-id 541 to fsync_neighbour_east_west_464 WEST INPUT port
Connection tile-id 542 to fsync_neighbour_east_west_464 EAST INPUT port
Connection tile-id 573 to fsync_neighbour_east_west_465 WEST INPUT port
Connection tile-id 574 to fsync_neighbour_east_west_465 EAST INPUT port
Connection tile-id 605 to fsync_neighbour_east_west_466 WEST INPUT port
Connection tile-id 606 to fsync_neighbour_east_west_466 EAST INPUT port
Connection tile-id 637 to fsync_neighbour_east_west_467 WEST INPUT port
Connection tile-id 638 to fsync_neighbour_east_west_467 EAST INPUT port
Connection tile-id 669 to fsync_neighbour_east_west_468 WEST INPUT port
Connection tile-id 670 to fsync_neighbour_east_west_468 EAST INPUT port
Connection tile-id 701 to fsync_neighbour_east_west_469 WEST INPUT port
Connection tile-id 702 to fsync_neighbour_east_west_469 EAST INPUT port
Connection tile-id 733 to fsync_neighbour_east_west_470 WEST INPUT port
Connection tile-id 734 to fsync_neighbour_east_west_470 EAST INPUT port
Connection tile-id 765 to fsync_neighbour_east_west_471 WEST INPUT port
Connection tile-id 766 to fsync_neighbour_east_west_471 EAST INPUT port
Connection tile-id 797 to fsync_neighbour_east_west_472 WEST INPUT port
Connection tile-id 798 to fsync_neighbour_east_west_472 EAST INPUT port
Connection tile-id 829 to fsync_neighbour_east_west_473 WEST INPUT port
Connection tile-id 830 to fsync_neighbour_east_west_473 EAST INPUT port
Connection tile-id 861 to fsync_neighbour_east_west_474 WEST INPUT port
Connection tile-id 862 to fsync_neighbour_east_west_474 EAST INPUT port
Connection tile-id 893 to fsync_neighbour_east_west_475 WEST INPUT port
Connection tile-id 894 to fsync_neighbour_east_west_475 EAST INPUT port
Connection tile-id 925 to fsync_neighbour_east_west_476 WEST INPUT port
Connection tile-id 926 to fsync_neighbour_east_west_476 EAST INPUT port
Connection tile-id 957 to fsync_neighbour_east_west_477 WEST INPUT port
Connection tile-id 958 to fsync_neighbour_east_west_477 EAST INPUT port
Connection tile-id 989 to fsync_neighbour_east_west_478 WEST INPUT port
Connection tile-id 990 to fsync_neighbour_east_west_478 EAST INPUT port
Connection tile-id 1021 to fsync_neighbour_east_west_479 WEST INPUT port
Connection tile-id 1022 to fsync_neighbour_east_west_479 EAST INPUT port
Connection tile-id 32 to fsync_neighbour_nord_sud_0 NORD INPUT port
Connection tile-id 64 to fsync_neighbour_nord_sud_0 SUD INPUT port
Connection tile-id 33 to fsync_neighbour_nord_sud_1 NORD INPUT port
Connection tile-id 65 to fsync_neighbour_nord_sud_1 SUD INPUT port
Connection tile-id 34 to fsync_neighbour_nord_sud_2 NORD INPUT port
Connection tile-id 66 to fsync_neighbour_nord_sud_2 SUD INPUT port
Connection tile-id 35 to fsync_neighbour_nord_sud_3 NORD INPUT port
Connection tile-id 67 to fsync_neighbour_nord_sud_3 SUD INPUT port
Connection tile-id 36 to fsync_neighbour_nord_sud_4 NORD INPUT port
Connection tile-id 68 to fsync_neighbour_nord_sud_4 SUD INPUT port
Connection tile-id 37 to fsync_neighbour_nord_sud_5 NORD INPUT port
Connection tile-id 69 to fsync_neighbour_nord_sud_5 SUD INPUT port
Connection tile-id 38 to fsync_neighbour_nord_sud_6 NORD INPUT port
Connection tile-id 70 to fsync_neighbour_nord_sud_6 SUD INPUT port
Connection tile-id 39 to fsync_neighbour_nord_sud_7 NORD INPUT port
Connection tile-id 71 to fsync_neighbour_nord_sud_7 SUD INPUT port
Connection tile-id 40 to fsync_neighbour_nord_sud_8 NORD INPUT port
Connection tile-id 72 to fsync_neighbour_nord_sud_8 SUD INPUT port
Connection tile-id 41 to fsync_neighbour_nord_sud_9 NORD INPUT port
Connection tile-id 73 to fsync_neighbour_nord_sud_9 SUD INPUT port
Connection tile-id 42 to fsync_neighbour_nord_sud_10 NORD INPUT port
Connection tile-id 74 to fsync_neighbour_nord_sud_10 SUD INPUT port
Connection tile-id 43 to fsync_neighbour_nord_sud_11 NORD INPUT port
Connection tile-id 75 to fsync_neighbour_nord_sud_11 SUD INPUT port
Connection tile-id 44 to fsync_neighbour_nord_sud_12 NORD INPUT port
Connection tile-id 76 to fsync_neighbour_nord_sud_12 SUD INPUT port
Connection tile-id 45 to fsync_neighbour_nord_sud_13 NORD INPUT port
Connection tile-id 77 to fsync_neighbour_nord_sud_13 SUD INPUT port
Connection tile-id 46 to fsync_neighbour_nord_sud_14 NORD INPUT port
Connection tile-id 78 to fsync_neighbour_nord_sud_14 SUD INPUT port
Connection tile-id 47 to fsync_neighbour_nord_sud_15 NORD INPUT port
Connection tile-id 79 to fsync_neighbour_nord_sud_15 SUD INPUT port
Connection tile-id 48 to fsync_neighbour_nord_sud_16 NORD INPUT port
Connection tile-id 80 to fsync_neighbour_nord_sud_16 SUD INPUT port
Connection tile-id 49 to fsync_neighbour_nord_sud_17 NORD INPUT port
Connection tile-id 81 to fsync_neighbour_nord_sud_17 SUD INPUT port
Connection tile-id 50 to fsync_neighbour_nord_sud_18 NORD INPUT port
Connection tile-id 82 to fsync_neighbour_nord_sud_18 SUD INPUT port
Connection tile-id 51 to fsync_neighbour_nord_sud_19 NORD INPUT port
Connection tile-id 83 to fsync_neighbour_nord_sud_19 SUD INPUT port
Connection tile-id 52 to fsync_neighbour_nord_sud_20 NORD INPUT port
Connection tile-id 84 to fsync_neighbour_nord_sud_20 SUD INPUT port
Connection tile-id 53 to fsync_neighbour_nord_sud_21 NORD INPUT port
Connection tile-id 85 to fsync_neighbour_nord_sud_21 SUD INPUT port
Connection tile-id 54 to fsync_neighbour_nord_sud_22 NORD INPUT port
Connection tile-id 86 to fsync_neighbour_nord_sud_22 SUD INPUT port
Connection tile-id 55 to fsync_neighbour_nord_sud_23 NORD INPUT port
Connection tile-id 87 to fsync_neighbour_nord_sud_23 SUD INPUT port
Connection tile-id 56 to fsync_neighbour_nord_sud_24 NORD INPUT port
Connection tile-id 88 to fsync_neighbour_nord_sud_24 SUD INPUT port
Connection tile-id 57 to fsync_neighbour_nord_sud_25 NORD INPUT port
Connection tile-id 89 to fsync_neighbour_nord_sud_25 SUD INPUT port
Connection tile-id 58 to fsync_neighbour_nord_sud_26 NORD INPUT port
Connection tile-id 90 to fsync_neighbour_nord_sud_26 SUD INPUT port
Connection tile-id 59 to fsync_neighbour_nord_sud_27 NORD INPUT port
Connection tile-id 91 to fsync_neighbour_nord_sud_27 SUD INPUT port
Connection tile-id 60 to fsync_neighbour_nord_sud_28 NORD INPUT port
Connection tile-id 92 to fsync_neighbour_nord_sud_28 SUD INPUT port
Connection tile-id 61 to fsync_neighbour_nord_sud_29 NORD INPUT port
Connection tile-id 93 to fsync_neighbour_nord_sud_29 SUD INPUT port
Connection tile-id 62 to fsync_neighbour_nord_sud_30 NORD INPUT port
Connection tile-id 94 to fsync_neighbour_nord_sud_30 SUD INPUT port
Connection tile-id 63 to fsync_neighbour_nord_sud_31 NORD INPUT port
Connection tile-id 95 to fsync_neighbour_nord_sud_31 SUD INPUT port
Connection tile-id 96 to fsync_neighbour_nord_sud_32 NORD INPUT port
Connection tile-id 128 to fsync_neighbour_nord_sud_32 SUD INPUT port
Connection tile-id 97 to fsync_neighbour_nord_sud_33 NORD INPUT port
Connection tile-id 129 to fsync_neighbour_nord_sud_33 SUD INPUT port
Connection tile-id 98 to fsync_neighbour_nord_sud_34 NORD INPUT port
Connection tile-id 130 to fsync_neighbour_nord_sud_34 SUD INPUT port
Connection tile-id 99 to fsync_neighbour_nord_sud_35 NORD INPUT port
Connection tile-id 131 to fsync_neighbour_nord_sud_35 SUD INPUT port
Connection tile-id 100 to fsync_neighbour_nord_sud_36 NORD INPUT port
Connection tile-id 132 to fsync_neighbour_nord_sud_36 SUD INPUT port
Connection tile-id 101 to fsync_neighbour_nord_sud_37 NORD INPUT port
Connection tile-id 133 to fsync_neighbour_nord_sud_37 SUD INPUT port
Connection tile-id 102 to fsync_neighbour_nord_sud_38 NORD INPUT port
Connection tile-id 134 to fsync_neighbour_nord_sud_38 SUD INPUT port
Connection tile-id 103 to fsync_neighbour_nord_sud_39 NORD INPUT port
Connection tile-id 135 to fsync_neighbour_nord_sud_39 SUD INPUT port
Connection tile-id 104 to fsync_neighbour_nord_sud_40 NORD INPUT port
Connection tile-id 136 to fsync_neighbour_nord_sud_40 SUD INPUT port
Connection tile-id 105 to fsync_neighbour_nord_sud_41 NORD INPUT port
Connection tile-id 137 to fsync_neighbour_nord_sud_41 SUD INPUT port
Connection tile-id 106 to fsync_neighbour_nord_sud_42 NORD INPUT port
Connection tile-id 138 to fsync_neighbour_nord_sud_42 SUD INPUT port
Connection tile-id 107 to fsync_neighbour_nord_sud_43 NORD INPUT port
Connection tile-id 139 to fsync_neighbour_nord_sud_43 SUD INPUT port
Connection tile-id 108 to fsync_neighbour_nord_sud_44 NORD INPUT port
Connection tile-id 140 to fsync_neighbour_nord_sud_44 SUD INPUT port
Connection tile-id 109 to fsync_neighbour_nord_sud_45 NORD INPUT port
Connection tile-id 141 to fsync_neighbour_nord_sud_45 SUD INPUT port
Connection tile-id 110 to fsync_neighbour_nord_sud_46 NORD INPUT port
Connection tile-id 142 to fsync_neighbour_nord_sud_46 SUD INPUT port
Connection tile-id 111 to fsync_neighbour_nord_sud_47 NORD INPUT port
Connection tile-id 143 to fsync_neighbour_nord_sud_47 SUD INPUT port
Connection tile-id 112 to fsync_neighbour_nord_sud_48 NORD INPUT port
Connection tile-id 144 to fsync_neighbour_nord_sud_48 SUD INPUT port
Connection tile-id 113 to fsync_neighbour_nord_sud_49 NORD INPUT port
Connection tile-id 145 to fsync_neighbour_nord_sud_49 SUD INPUT port
Connection tile-id 114 to fsync_neighbour_nord_sud_50 NORD INPUT port
Connection tile-id 146 to fsync_neighbour_nord_sud_50 SUD INPUT port
Connection tile-id 115 to fsync_neighbour_nord_sud_51 NORD INPUT port
Connection tile-id 147 to fsync_neighbour_nord_sud_51 SUD INPUT port
Connection tile-id 116 to fsync_neighbour_nord_sud_52 NORD INPUT port
Connection tile-id 148 to fsync_neighbour_nord_sud_52 SUD INPUT port
Connection tile-id 117 to fsync_neighbour_nord_sud_53 NORD INPUT port
Connection tile-id 149 to fsync_neighbour_nord_sud_53 SUD INPUT port
Connection tile-id 118 to fsync_neighbour_nord_sud_54 NORD INPUT port
Connection tile-id 150 to fsync_neighbour_nord_sud_54 SUD INPUT port
Connection tile-id 119 to fsync_neighbour_nord_sud_55 NORD INPUT port
Connection tile-id 151 to fsync_neighbour_nord_sud_55 SUD INPUT port
Connection tile-id 120 to fsync_neighbour_nord_sud_56 NORD INPUT port
Connection tile-id 152 to fsync_neighbour_nord_sud_56 SUD INPUT port
Connection tile-id 121 to fsync_neighbour_nord_sud_57 NORD INPUT port
Connection tile-id 153 to fsync_neighbour_nord_sud_57 SUD INPUT port
Connection tile-id 122 to fsync_neighbour_nord_sud_58 NORD INPUT port
Connection tile-id 154 to fsync_neighbour_nord_sud_58 SUD INPUT port
Connection tile-id 123 to fsync_neighbour_nord_sud_59 NORD INPUT port
Connection tile-id 155 to fsync_neighbour_nord_sud_59 SUD INPUT port
Connection tile-id 124 to fsync_neighbour_nord_sud_60 NORD INPUT port
Connection tile-id 156 to fsync_neighbour_nord_sud_60 SUD INPUT port
Connection tile-id 125 to fsync_neighbour_nord_sud_61 NORD INPUT port
Connection tile-id 157 to fsync_neighbour_nord_sud_61 SUD INPUT port
Connection tile-id 126 to fsync_neighbour_nord_sud_62 NORD INPUT port
Connection tile-id 158 to fsync_neighbour_nord_sud_62 SUD INPUT port
Connection tile-id 127 to fsync_neighbour_nord_sud_63 NORD INPUT port
Connection tile-id 159 to fsync_neighbour_nord_sud_63 SUD INPUT port
Connection tile-id 160 to fsync_neighbour_nord_sud_64 NORD INPUT port
Connection tile-id 192 to fsync_neighbour_nord_sud_64 SUD INPUT port
Connection tile-id 161 to fsync_neighbour_nord_sud_65 NORD INPUT port
Connection tile-id 193 to fsync_neighbour_nord_sud_65 SUD INPUT port
Connection tile-id 162 to fsync_neighbour_nord_sud_66 NORD INPUT port
Connection tile-id 194 to fsync_neighbour_nord_sud_66 SUD INPUT port
Connection tile-id 163 to fsync_neighbour_nord_sud_67 NORD INPUT port
Connection tile-id 195 to fsync_neighbour_nord_sud_67 SUD INPUT port
Connection tile-id 164 to fsync_neighbour_nord_sud_68 NORD INPUT port
Connection tile-id 196 to fsync_neighbour_nord_sud_68 SUD INPUT port
Connection tile-id 165 to fsync_neighbour_nord_sud_69 NORD INPUT port
Connection tile-id 197 to fsync_neighbour_nord_sud_69 SUD INPUT port
Connection tile-id 166 to fsync_neighbour_nord_sud_70 NORD INPUT port
Connection tile-id 198 to fsync_neighbour_nord_sud_70 SUD INPUT port
Connection tile-id 167 to fsync_neighbour_nord_sud_71 NORD INPUT port
Connection tile-id 199 to fsync_neighbour_nord_sud_71 SUD INPUT port
Connection tile-id 168 to fsync_neighbour_nord_sud_72 NORD INPUT port
Connection tile-id 200 to fsync_neighbour_nord_sud_72 SUD INPUT port
Connection tile-id 169 to fsync_neighbour_nord_sud_73 NORD INPUT port
Connection tile-id 201 to fsync_neighbour_nord_sud_73 SUD INPUT port
Connection tile-id 170 to fsync_neighbour_nord_sud_74 NORD INPUT port
Connection tile-id 202 to fsync_neighbour_nord_sud_74 SUD INPUT port
Connection tile-id 171 to fsync_neighbour_nord_sud_75 NORD INPUT port
Connection tile-id 203 to fsync_neighbour_nord_sud_75 SUD INPUT port
Connection tile-id 172 to fsync_neighbour_nord_sud_76 NORD INPUT port
Connection tile-id 204 to fsync_neighbour_nord_sud_76 SUD INPUT port
Connection tile-id 173 to fsync_neighbour_nord_sud_77 NORD INPUT port
Connection tile-id 205 to fsync_neighbour_nord_sud_77 SUD INPUT port
Connection tile-id 174 to fsync_neighbour_nord_sud_78 NORD INPUT port
Connection tile-id 206 to fsync_neighbour_nord_sud_78 SUD INPUT port
Connection tile-id 175 to fsync_neighbour_nord_sud_79 NORD INPUT port
Connection tile-id 207 to fsync_neighbour_nord_sud_79 SUD INPUT port
Connection tile-id 176 to fsync_neighbour_nord_sud_80 NORD INPUT port
Connection tile-id 208 to fsync_neighbour_nord_sud_80 SUD INPUT port
Connection tile-id 177 to fsync_neighbour_nord_sud_81 NORD INPUT port
Connection tile-id 209 to fsync_neighbour_nord_sud_81 SUD INPUT port
Connection tile-id 178 to fsync_neighbour_nord_sud_82 NORD INPUT port
Connection tile-id 210 to fsync_neighbour_nord_sud_82 SUD INPUT port
Connection tile-id 179 to fsync_neighbour_nord_sud_83 NORD INPUT port
Connection tile-id 211 to fsync_neighbour_nord_sud_83 SUD INPUT port
Connection tile-id 180 to fsync_neighbour_nord_sud_84 NORD INPUT port
Connection tile-id 212 to fsync_neighbour_nord_sud_84 SUD INPUT port
Connection tile-id 181 to fsync_neighbour_nord_sud_85 NORD INPUT port
Connection tile-id 213 to fsync_neighbour_nord_sud_85 SUD INPUT port
Connection tile-id 182 to fsync_neighbour_nord_sud_86 NORD INPUT port
Connection tile-id 214 to fsync_neighbour_nord_sud_86 SUD INPUT port
Connection tile-id 183 to fsync_neighbour_nord_sud_87 NORD INPUT port
Connection tile-id 215 to fsync_neighbour_nord_sud_87 SUD INPUT port
Connection tile-id 184 to fsync_neighbour_nord_sud_88 NORD INPUT port
Connection tile-id 216 to fsync_neighbour_nord_sud_88 SUD INPUT port
Connection tile-id 185 to fsync_neighbour_nord_sud_89 NORD INPUT port
Connection tile-id 217 to fsync_neighbour_nord_sud_89 SUD INPUT port
Connection tile-id 186 to fsync_neighbour_nord_sud_90 NORD INPUT port
Connection tile-id 218 to fsync_neighbour_nord_sud_90 SUD INPUT port
Connection tile-id 187 to fsync_neighbour_nord_sud_91 NORD INPUT port
Connection tile-id 219 to fsync_neighbour_nord_sud_91 SUD INPUT port
Connection tile-id 188 to fsync_neighbour_nord_sud_92 NORD INPUT port
Connection tile-id 220 to fsync_neighbour_nord_sud_92 SUD INPUT port
Connection tile-id 189 to fsync_neighbour_nord_sud_93 NORD INPUT port
Connection tile-id 221 to fsync_neighbour_nord_sud_93 SUD INPUT port
Connection tile-id 190 to fsync_neighbour_nord_sud_94 NORD INPUT port
Connection tile-id 222 to fsync_neighbour_nord_sud_94 SUD INPUT port
Connection tile-id 191 to fsync_neighbour_nord_sud_95 NORD INPUT port
Connection tile-id 223 to fsync_neighbour_nord_sud_95 SUD INPUT port
Connection tile-id 224 to fsync_neighbour_nord_sud_96 NORD INPUT port
Connection tile-id 256 to fsync_neighbour_nord_sud_96 SUD INPUT port
Connection tile-id 225 to fsync_neighbour_nord_sud_97 NORD INPUT port
Connection tile-id 257 to fsync_neighbour_nord_sud_97 SUD INPUT port
Connection tile-id 226 to fsync_neighbour_nord_sud_98 NORD INPUT port
Connection tile-id 258 to fsync_neighbour_nord_sud_98 SUD INPUT port
Connection tile-id 227 to fsync_neighbour_nord_sud_99 NORD INPUT port
Connection tile-id 259 to fsync_neighbour_nord_sud_99 SUD INPUT port
Connection tile-id 228 to fsync_neighbour_nord_sud_100 NORD INPUT port
Connection tile-id 260 to fsync_neighbour_nord_sud_100 SUD INPUT port
Connection tile-id 229 to fsync_neighbour_nord_sud_101 NORD INPUT port
Connection tile-id 261 to fsync_neighbour_nord_sud_101 SUD INPUT port
Connection tile-id 230 to fsync_neighbour_nord_sud_102 NORD INPUT port
Connection tile-id 262 to fsync_neighbour_nord_sud_102 SUD INPUT port
Connection tile-id 231 to fsync_neighbour_nord_sud_103 NORD INPUT port
Connection tile-id 263 to fsync_neighbour_nord_sud_103 SUD INPUT port
Connection tile-id 232 to fsync_neighbour_nord_sud_104 NORD INPUT port
Connection tile-id 264 to fsync_neighbour_nord_sud_104 SUD INPUT port
Connection tile-id 233 to fsync_neighbour_nord_sud_105 NORD INPUT port
Connection tile-id 265 to fsync_neighbour_nord_sud_105 SUD INPUT port
Connection tile-id 234 to fsync_neighbour_nord_sud_106 NORD INPUT port
Connection tile-id 266 to fsync_neighbour_nord_sud_106 SUD INPUT port
Connection tile-id 235 to fsync_neighbour_nord_sud_107 NORD INPUT port
Connection tile-id 267 to fsync_neighbour_nord_sud_107 SUD INPUT port
Connection tile-id 236 to fsync_neighbour_nord_sud_108 NORD INPUT port
Connection tile-id 268 to fsync_neighbour_nord_sud_108 SUD INPUT port
Connection tile-id 237 to fsync_neighbour_nord_sud_109 NORD INPUT port
Connection tile-id 269 to fsync_neighbour_nord_sud_109 SUD INPUT port
Connection tile-id 238 to fsync_neighbour_nord_sud_110 NORD INPUT port
Connection tile-id 270 to fsync_neighbour_nord_sud_110 SUD INPUT port
Connection tile-id 239 to fsync_neighbour_nord_sud_111 NORD INPUT port
Connection tile-id 271 to fsync_neighbour_nord_sud_111 SUD INPUT port
Connection tile-id 240 to fsync_neighbour_nord_sud_112 NORD INPUT port
Connection tile-id 272 to fsync_neighbour_nord_sud_112 SUD INPUT port
Connection tile-id 241 to fsync_neighbour_nord_sud_113 NORD INPUT port
Connection tile-id 273 to fsync_neighbour_nord_sud_113 SUD INPUT port
Connection tile-id 242 to fsync_neighbour_nord_sud_114 NORD INPUT port
Connection tile-id 274 to fsync_neighbour_nord_sud_114 SUD INPUT port
Connection tile-id 243 to fsync_neighbour_nord_sud_115 NORD INPUT port
Connection tile-id 275 to fsync_neighbour_nord_sud_115 SUD INPUT port
Connection tile-id 244 to fsync_neighbour_nord_sud_116 NORD INPUT port
Connection tile-id 276 to fsync_neighbour_nord_sud_116 SUD INPUT port
Connection tile-id 245 to fsync_neighbour_nord_sud_117 NORD INPUT port
Connection tile-id 277 to fsync_neighbour_nord_sud_117 SUD INPUT port
Connection tile-id 246 to fsync_neighbour_nord_sud_118 NORD INPUT port
Connection tile-id 278 to fsync_neighbour_nord_sud_118 SUD INPUT port
Connection tile-id 247 to fsync_neighbour_nord_sud_119 NORD INPUT port
Connection tile-id 279 to fsync_neighbour_nord_sud_119 SUD INPUT port
Connection tile-id 248 to fsync_neighbour_nord_sud_120 NORD INPUT port
Connection tile-id 280 to fsync_neighbour_nord_sud_120 SUD INPUT port
Connection tile-id 249 to fsync_neighbour_nord_sud_121 NORD INPUT port
Connection tile-id 281 to fsync_neighbour_nord_sud_121 SUD INPUT port
Connection tile-id 250 to fsync_neighbour_nord_sud_122 NORD INPUT port
Connection tile-id 282 to fsync_neighbour_nord_sud_122 SUD INPUT port
Connection tile-id 251 to fsync_neighbour_nord_sud_123 NORD INPUT port
Connection tile-id 283 to fsync_neighbour_nord_sud_123 SUD INPUT port
Connection tile-id 252 to fsync_neighbour_nord_sud_124 NORD INPUT port
Connection tile-id 284 to fsync_neighbour_nord_sud_124 SUD INPUT port
Connection tile-id 253 to fsync_neighbour_nord_sud_125 NORD INPUT port
Connection tile-id 285 to fsync_neighbour_nord_sud_125 SUD INPUT port
Connection tile-id 254 to fsync_neighbour_nord_sud_126 NORD INPUT port
Connection tile-id 286 to fsync_neighbour_nord_sud_126 SUD INPUT port
Connection tile-id 255 to fsync_neighbour_nord_sud_127 NORD INPUT port
Connection tile-id 287 to fsync_neighbour_nord_sud_127 SUD INPUT port
Connection tile-id 288 to fsync_neighbour_nord_sud_128 NORD INPUT port
Connection tile-id 320 to fsync_neighbour_nord_sud_128 SUD INPUT port
Connection tile-id 289 to fsync_neighbour_nord_sud_129 NORD INPUT port
Connection tile-id 321 to fsync_neighbour_nord_sud_129 SUD INPUT port
Connection tile-id 290 to fsync_neighbour_nord_sud_130 NORD INPUT port
Connection tile-id 322 to fsync_neighbour_nord_sud_130 SUD INPUT port
Connection tile-id 291 to fsync_neighbour_nord_sud_131 NORD INPUT port
Connection tile-id 323 to fsync_neighbour_nord_sud_131 SUD INPUT port
Connection tile-id 292 to fsync_neighbour_nord_sud_132 NORD INPUT port
Connection tile-id 324 to fsync_neighbour_nord_sud_132 SUD INPUT port
Connection tile-id 293 to fsync_neighbour_nord_sud_133 NORD INPUT port
Connection tile-id 325 to fsync_neighbour_nord_sud_133 SUD INPUT port
Connection tile-id 294 to fsync_neighbour_nord_sud_134 NORD INPUT port
Connection tile-id 326 to fsync_neighbour_nord_sud_134 SUD INPUT port
Connection tile-id 295 to fsync_neighbour_nord_sud_135 NORD INPUT port
Connection tile-id 327 to fsync_neighbour_nord_sud_135 SUD INPUT port
Connection tile-id 296 to fsync_neighbour_nord_sud_136 NORD INPUT port
Connection tile-id 328 to fsync_neighbour_nord_sud_136 SUD INPUT port
Connection tile-id 297 to fsync_neighbour_nord_sud_137 NORD INPUT port
Connection tile-id 329 to fsync_neighbour_nord_sud_137 SUD INPUT port
Connection tile-id 298 to fsync_neighbour_nord_sud_138 NORD INPUT port
Connection tile-id 330 to fsync_neighbour_nord_sud_138 SUD INPUT port
Connection tile-id 299 to fsync_neighbour_nord_sud_139 NORD INPUT port
Connection tile-id 331 to fsync_neighbour_nord_sud_139 SUD INPUT port
Connection tile-id 300 to fsync_neighbour_nord_sud_140 NORD INPUT port
Connection tile-id 332 to fsync_neighbour_nord_sud_140 SUD INPUT port
Connection tile-id 301 to fsync_neighbour_nord_sud_141 NORD INPUT port
Connection tile-id 333 to fsync_neighbour_nord_sud_141 SUD INPUT port
Connection tile-id 302 to fsync_neighbour_nord_sud_142 NORD INPUT port
Connection tile-id 334 to fsync_neighbour_nord_sud_142 SUD INPUT port
Connection tile-id 303 to fsync_neighbour_nord_sud_143 NORD INPUT port
Connection tile-id 335 to fsync_neighbour_nord_sud_143 SUD INPUT port
Connection tile-id 304 to fsync_neighbour_nord_sud_144 NORD INPUT port
Connection tile-id 336 to fsync_neighbour_nord_sud_144 SUD INPUT port
Connection tile-id 305 to fsync_neighbour_nord_sud_145 NORD INPUT port
Connection tile-id 337 to fsync_neighbour_nord_sud_145 SUD INPUT port
Connection tile-id 306 to fsync_neighbour_nord_sud_146 NORD INPUT port
Connection tile-id 338 to fsync_neighbour_nord_sud_146 SUD INPUT port
Connection tile-id 307 to fsync_neighbour_nord_sud_147 NORD INPUT port
Connection tile-id 339 to fsync_neighbour_nord_sud_147 SUD INPUT port
Connection tile-id 308 to fsync_neighbour_nord_sud_148 NORD INPUT port
Connection tile-id 340 to fsync_neighbour_nord_sud_148 SUD INPUT port
Connection tile-id 309 to fsync_neighbour_nord_sud_149 NORD INPUT port
Connection tile-id 341 to fsync_neighbour_nord_sud_149 SUD INPUT port
Connection tile-id 310 to fsync_neighbour_nord_sud_150 NORD INPUT port
Connection tile-id 342 to fsync_neighbour_nord_sud_150 SUD INPUT port
Connection tile-id 311 to fsync_neighbour_nord_sud_151 NORD INPUT port
Connection tile-id 343 to fsync_neighbour_nord_sud_151 SUD INPUT port
Connection tile-id 312 to fsync_neighbour_nord_sud_152 NORD INPUT port
Connection tile-id 344 to fsync_neighbour_nord_sud_152 SUD INPUT port
Connection tile-id 313 to fsync_neighbour_nord_sud_153 NORD INPUT port
Connection tile-id 345 to fsync_neighbour_nord_sud_153 SUD INPUT port
Connection tile-id 314 to fsync_neighbour_nord_sud_154 NORD INPUT port
Connection tile-id 346 to fsync_neighbour_nord_sud_154 SUD INPUT port
Connection tile-id 315 to fsync_neighbour_nord_sud_155 NORD INPUT port
Connection tile-id 347 to fsync_neighbour_nord_sud_155 SUD INPUT port
Connection tile-id 316 to fsync_neighbour_nord_sud_156 NORD INPUT port
Connection tile-id 348 to fsync_neighbour_nord_sud_156 SUD INPUT port
Connection tile-id 317 to fsync_neighbour_nord_sud_157 NORD INPUT port
Connection tile-id 349 to fsync_neighbour_nord_sud_157 SUD INPUT port
Connection tile-id 318 to fsync_neighbour_nord_sud_158 NORD INPUT port
Connection tile-id 350 to fsync_neighbour_nord_sud_158 SUD INPUT port
Connection tile-id 319 to fsync_neighbour_nord_sud_159 NORD INPUT port
Connection tile-id 351 to fsync_neighbour_nord_sud_159 SUD INPUT port
Connection tile-id 352 to fsync_neighbour_nord_sud_160 NORD INPUT port
Connection tile-id 384 to fsync_neighbour_nord_sud_160 SUD INPUT port
Connection tile-id 353 to fsync_neighbour_nord_sud_161 NORD INPUT port
Connection tile-id 385 to fsync_neighbour_nord_sud_161 SUD INPUT port
Connection tile-id 354 to fsync_neighbour_nord_sud_162 NORD INPUT port
Connection tile-id 386 to fsync_neighbour_nord_sud_162 SUD INPUT port
Connection tile-id 355 to fsync_neighbour_nord_sud_163 NORD INPUT port
Connection tile-id 387 to fsync_neighbour_nord_sud_163 SUD INPUT port
Connection tile-id 356 to fsync_neighbour_nord_sud_164 NORD INPUT port
Connection tile-id 388 to fsync_neighbour_nord_sud_164 SUD INPUT port
Connection tile-id 357 to fsync_neighbour_nord_sud_165 NORD INPUT port
Connection tile-id 389 to fsync_neighbour_nord_sud_165 SUD INPUT port
Connection tile-id 358 to fsync_neighbour_nord_sud_166 NORD INPUT port
Connection tile-id 390 to fsync_neighbour_nord_sud_166 SUD INPUT port
Connection tile-id 359 to fsync_neighbour_nord_sud_167 NORD INPUT port
Connection tile-id 391 to fsync_neighbour_nord_sud_167 SUD INPUT port
Connection tile-id 360 to fsync_neighbour_nord_sud_168 NORD INPUT port
Connection tile-id 392 to fsync_neighbour_nord_sud_168 SUD INPUT port
Connection tile-id 361 to fsync_neighbour_nord_sud_169 NORD INPUT port
Connection tile-id 393 to fsync_neighbour_nord_sud_169 SUD INPUT port
Connection tile-id 362 to fsync_neighbour_nord_sud_170 NORD INPUT port
Connection tile-id 394 to fsync_neighbour_nord_sud_170 SUD INPUT port
Connection tile-id 363 to fsync_neighbour_nord_sud_171 NORD INPUT port
Connection tile-id 395 to fsync_neighbour_nord_sud_171 SUD INPUT port
Connection tile-id 364 to fsync_neighbour_nord_sud_172 NORD INPUT port
Connection tile-id 396 to fsync_neighbour_nord_sud_172 SUD INPUT port
Connection tile-id 365 to fsync_neighbour_nord_sud_173 NORD INPUT port
Connection tile-id 397 to fsync_neighbour_nord_sud_173 SUD INPUT port
Connection tile-id 366 to fsync_neighbour_nord_sud_174 NORD INPUT port
Connection tile-id 398 to fsync_neighbour_nord_sud_174 SUD INPUT port
Connection tile-id 367 to fsync_neighbour_nord_sud_175 NORD INPUT port
Connection tile-id 399 to fsync_neighbour_nord_sud_175 SUD INPUT port
Connection tile-id 368 to fsync_neighbour_nord_sud_176 NORD INPUT port
Connection tile-id 400 to fsync_neighbour_nord_sud_176 SUD INPUT port
Connection tile-id 369 to fsync_neighbour_nord_sud_177 NORD INPUT port
Connection tile-id 401 to fsync_neighbour_nord_sud_177 SUD INPUT port
Connection tile-id 370 to fsync_neighbour_nord_sud_178 NORD INPUT port
Connection tile-id 402 to fsync_neighbour_nord_sud_178 SUD INPUT port
Connection tile-id 371 to fsync_neighbour_nord_sud_179 NORD INPUT port
Connection tile-id 403 to fsync_neighbour_nord_sud_179 SUD INPUT port
Connection tile-id 372 to fsync_neighbour_nord_sud_180 NORD INPUT port
Connection tile-id 404 to fsync_neighbour_nord_sud_180 SUD INPUT port
Connection tile-id 373 to fsync_neighbour_nord_sud_181 NORD INPUT port
Connection tile-id 405 to fsync_neighbour_nord_sud_181 SUD INPUT port
Connection tile-id 374 to fsync_neighbour_nord_sud_182 NORD INPUT port
Connection tile-id 406 to fsync_neighbour_nord_sud_182 SUD INPUT port
Connection tile-id 375 to fsync_neighbour_nord_sud_183 NORD INPUT port
Connection tile-id 407 to fsync_neighbour_nord_sud_183 SUD INPUT port
Connection tile-id 376 to fsync_neighbour_nord_sud_184 NORD INPUT port
Connection tile-id 408 to fsync_neighbour_nord_sud_184 SUD INPUT port
Connection tile-id 377 to fsync_neighbour_nord_sud_185 NORD INPUT port
Connection tile-id 409 to fsync_neighbour_nord_sud_185 SUD INPUT port
Connection tile-id 378 to fsync_neighbour_nord_sud_186 NORD INPUT port
Connection tile-id 410 to fsync_neighbour_nord_sud_186 SUD INPUT port
Connection tile-id 379 to fsync_neighbour_nord_sud_187 NORD INPUT port
Connection tile-id 411 to fsync_neighbour_nord_sud_187 SUD INPUT port
Connection tile-id 380 to fsync_neighbour_nord_sud_188 NORD INPUT port
Connection tile-id 412 to fsync_neighbour_nord_sud_188 SUD INPUT port
Connection tile-id 381 to fsync_neighbour_nord_sud_189 NORD INPUT port
Connection tile-id 413 to fsync_neighbour_nord_sud_189 SUD INPUT port
Connection tile-id 382 to fsync_neighbour_nord_sud_190 NORD INPUT port
Connection tile-id 414 to fsync_neighbour_nord_sud_190 SUD INPUT port
Connection tile-id 383 to fsync_neighbour_nord_sud_191 NORD INPUT port
Connection tile-id 415 to fsync_neighbour_nord_sud_191 SUD INPUT port
Connection tile-id 416 to fsync_neighbour_nord_sud_192 NORD INPUT port
Connection tile-id 448 to fsync_neighbour_nord_sud_192 SUD INPUT port
Connection tile-id 417 to fsync_neighbour_nord_sud_193 NORD INPUT port
Connection tile-id 449 to fsync_neighbour_nord_sud_193 SUD INPUT port
Connection tile-id 418 to fsync_neighbour_nord_sud_194 NORD INPUT port
Connection tile-id 450 to fsync_neighbour_nord_sud_194 SUD INPUT port
Connection tile-id 419 to fsync_neighbour_nord_sud_195 NORD INPUT port
Connection tile-id 451 to fsync_neighbour_nord_sud_195 SUD INPUT port
Connection tile-id 420 to fsync_neighbour_nord_sud_196 NORD INPUT port
Connection tile-id 452 to fsync_neighbour_nord_sud_196 SUD INPUT port
Connection tile-id 421 to fsync_neighbour_nord_sud_197 NORD INPUT port
Connection tile-id 453 to fsync_neighbour_nord_sud_197 SUD INPUT port
Connection tile-id 422 to fsync_neighbour_nord_sud_198 NORD INPUT port
Connection tile-id 454 to fsync_neighbour_nord_sud_198 SUD INPUT port
Connection tile-id 423 to fsync_neighbour_nord_sud_199 NORD INPUT port
Connection tile-id 455 to fsync_neighbour_nord_sud_199 SUD INPUT port
Connection tile-id 424 to fsync_neighbour_nord_sud_200 NORD INPUT port
Connection tile-id 456 to fsync_neighbour_nord_sud_200 SUD INPUT port
Connection tile-id 425 to fsync_neighbour_nord_sud_201 NORD INPUT port
Connection tile-id 457 to fsync_neighbour_nord_sud_201 SUD INPUT port
Connection tile-id 426 to fsync_neighbour_nord_sud_202 NORD INPUT port
Connection tile-id 458 to fsync_neighbour_nord_sud_202 SUD INPUT port
Connection tile-id 427 to fsync_neighbour_nord_sud_203 NORD INPUT port
Connection tile-id 459 to fsync_neighbour_nord_sud_203 SUD INPUT port
Connection tile-id 428 to fsync_neighbour_nord_sud_204 NORD INPUT port
Connection tile-id 460 to fsync_neighbour_nord_sud_204 SUD INPUT port
Connection tile-id 429 to fsync_neighbour_nord_sud_205 NORD INPUT port
Connection tile-id 461 to fsync_neighbour_nord_sud_205 SUD INPUT port
Connection tile-id 430 to fsync_neighbour_nord_sud_206 NORD INPUT port
Connection tile-id 462 to fsync_neighbour_nord_sud_206 SUD INPUT port
Connection tile-id 431 to fsync_neighbour_nord_sud_207 NORD INPUT port
Connection tile-id 463 to fsync_neighbour_nord_sud_207 SUD INPUT port
Connection tile-id 432 to fsync_neighbour_nord_sud_208 NORD INPUT port
Connection tile-id 464 to fsync_neighbour_nord_sud_208 SUD INPUT port
Connection tile-id 433 to fsync_neighbour_nord_sud_209 NORD INPUT port
Connection tile-id 465 to fsync_neighbour_nord_sud_209 SUD INPUT port
Connection tile-id 434 to fsync_neighbour_nord_sud_210 NORD INPUT port
Connection tile-id 466 to fsync_neighbour_nord_sud_210 SUD INPUT port
Connection tile-id 435 to fsync_neighbour_nord_sud_211 NORD INPUT port
Connection tile-id 467 to fsync_neighbour_nord_sud_211 SUD INPUT port
Connection tile-id 436 to fsync_neighbour_nord_sud_212 NORD INPUT port
Connection tile-id 468 to fsync_neighbour_nord_sud_212 SUD INPUT port
Connection tile-id 437 to fsync_neighbour_nord_sud_213 NORD INPUT port
Connection tile-id 469 to fsync_neighbour_nord_sud_213 SUD INPUT port
Connection tile-id 438 to fsync_neighbour_nord_sud_214 NORD INPUT port
Connection tile-id 470 to fsync_neighbour_nord_sud_214 SUD INPUT port
Connection tile-id 439 to fsync_neighbour_nord_sud_215 NORD INPUT port
Connection tile-id 471 to fsync_neighbour_nord_sud_215 SUD INPUT port
Connection tile-id 440 to fsync_neighbour_nord_sud_216 NORD INPUT port
Connection tile-id 472 to fsync_neighbour_nord_sud_216 SUD INPUT port
Connection tile-id 441 to fsync_neighbour_nord_sud_217 NORD INPUT port
Connection tile-id 473 to fsync_neighbour_nord_sud_217 SUD INPUT port
Connection tile-id 442 to fsync_neighbour_nord_sud_218 NORD INPUT port
Connection tile-id 474 to fsync_neighbour_nord_sud_218 SUD INPUT port
Connection tile-id 443 to fsync_neighbour_nord_sud_219 NORD INPUT port
Connection tile-id 475 to fsync_neighbour_nord_sud_219 SUD INPUT port
Connection tile-id 444 to fsync_neighbour_nord_sud_220 NORD INPUT port
Connection tile-id 476 to fsync_neighbour_nord_sud_220 SUD INPUT port
Connection tile-id 445 to fsync_neighbour_nord_sud_221 NORD INPUT port
Connection tile-id 477 to fsync_neighbour_nord_sud_221 SUD INPUT port
Connection tile-id 446 to fsync_neighbour_nord_sud_222 NORD INPUT port
Connection tile-id 478 to fsync_neighbour_nord_sud_222 SUD INPUT port
Connection tile-id 447 to fsync_neighbour_nord_sud_223 NORD INPUT port
Connection tile-id 479 to fsync_neighbour_nord_sud_223 SUD INPUT port
Connection tile-id 480 to fsync_neighbour_nord_sud_224 NORD INPUT port
Connection tile-id 512 to fsync_neighbour_nord_sud_224 SUD INPUT port
Connection tile-id 481 to fsync_neighbour_nord_sud_225 NORD INPUT port
Connection tile-id 513 to fsync_neighbour_nord_sud_225 SUD INPUT port
Connection tile-id 482 to fsync_neighbour_nord_sud_226 NORD INPUT port
Connection tile-id 514 to fsync_neighbour_nord_sud_226 SUD INPUT port
Connection tile-id 483 to fsync_neighbour_nord_sud_227 NORD INPUT port
Connection tile-id 515 to fsync_neighbour_nord_sud_227 SUD INPUT port
Connection tile-id 484 to fsync_neighbour_nord_sud_228 NORD INPUT port
Connection tile-id 516 to fsync_neighbour_nord_sud_228 SUD INPUT port
Connection tile-id 485 to fsync_neighbour_nord_sud_229 NORD INPUT port
Connection tile-id 517 to fsync_neighbour_nord_sud_229 SUD INPUT port
Connection tile-id 486 to fsync_neighbour_nord_sud_230 NORD INPUT port
Connection tile-id 518 to fsync_neighbour_nord_sud_230 SUD INPUT port
Connection tile-id 487 to fsync_neighbour_nord_sud_231 NORD INPUT port
Connection tile-id 519 to fsync_neighbour_nord_sud_231 SUD INPUT port
Connection tile-id 488 to fsync_neighbour_nord_sud_232 NORD INPUT port
Connection tile-id 520 to fsync_neighbour_nord_sud_232 SUD INPUT port
Connection tile-id 489 to fsync_neighbour_nord_sud_233 NORD INPUT port
Connection tile-id 521 to fsync_neighbour_nord_sud_233 SUD INPUT port
Connection tile-id 490 to fsync_neighbour_nord_sud_234 NORD INPUT port
Connection tile-id 522 to fsync_neighbour_nord_sud_234 SUD INPUT port
Connection tile-id 491 to fsync_neighbour_nord_sud_235 NORD INPUT port
Connection tile-id 523 to fsync_neighbour_nord_sud_235 SUD INPUT port
Connection tile-id 492 to fsync_neighbour_nord_sud_236 NORD INPUT port
Connection tile-id 524 to fsync_neighbour_nord_sud_236 SUD INPUT port
Connection tile-id 493 to fsync_neighbour_nord_sud_237 NORD INPUT port
Connection tile-id 525 to fsync_neighbour_nord_sud_237 SUD INPUT port
Connection tile-id 494 to fsync_neighbour_nord_sud_238 NORD INPUT port
Connection tile-id 526 to fsync_neighbour_nord_sud_238 SUD INPUT port
Connection tile-id 495 to fsync_neighbour_nord_sud_239 NORD INPUT port
Connection tile-id 527 to fsync_neighbour_nord_sud_239 SUD INPUT port
Connection tile-id 496 to fsync_neighbour_nord_sud_240 NORD INPUT port
Connection tile-id 528 to fsync_neighbour_nord_sud_240 SUD INPUT port
Connection tile-id 497 to fsync_neighbour_nord_sud_241 NORD INPUT port
Connection tile-id 529 to fsync_neighbour_nord_sud_241 SUD INPUT port
Connection tile-id 498 to fsync_neighbour_nord_sud_242 NORD INPUT port
Connection tile-id 530 to fsync_neighbour_nord_sud_242 SUD INPUT port
Connection tile-id 499 to fsync_neighbour_nord_sud_243 NORD INPUT port
Connection tile-id 531 to fsync_neighbour_nord_sud_243 SUD INPUT port
Connection tile-id 500 to fsync_neighbour_nord_sud_244 NORD INPUT port
Connection tile-id 532 to fsync_neighbour_nord_sud_244 SUD INPUT port
Connection tile-id 501 to fsync_neighbour_nord_sud_245 NORD INPUT port
Connection tile-id 533 to fsync_neighbour_nord_sud_245 SUD INPUT port
Connection tile-id 502 to fsync_neighbour_nord_sud_246 NORD INPUT port
Connection tile-id 534 to fsync_neighbour_nord_sud_246 SUD INPUT port
Connection tile-id 503 to fsync_neighbour_nord_sud_247 NORD INPUT port
Connection tile-id 535 to fsync_neighbour_nord_sud_247 SUD INPUT port
Connection tile-id 504 to fsync_neighbour_nord_sud_248 NORD INPUT port
Connection tile-id 536 to fsync_neighbour_nord_sud_248 SUD INPUT port
Connection tile-id 505 to fsync_neighbour_nord_sud_249 NORD INPUT port
Connection tile-id 537 to fsync_neighbour_nord_sud_249 SUD INPUT port
Connection tile-id 506 to fsync_neighbour_nord_sud_250 NORD INPUT port
Connection tile-id 538 to fsync_neighbour_nord_sud_250 SUD INPUT port
Connection tile-id 507 to fsync_neighbour_nord_sud_251 NORD INPUT port
Connection tile-id 539 to fsync_neighbour_nord_sud_251 SUD INPUT port
Connection tile-id 508 to fsync_neighbour_nord_sud_252 NORD INPUT port
Connection tile-id 540 to fsync_neighbour_nord_sud_252 SUD INPUT port
Connection tile-id 509 to fsync_neighbour_nord_sud_253 NORD INPUT port
Connection tile-id 541 to fsync_neighbour_nord_sud_253 SUD INPUT port
Connection tile-id 510 to fsync_neighbour_nord_sud_254 NORD INPUT port
Connection tile-id 542 to fsync_neighbour_nord_sud_254 SUD INPUT port
Connection tile-id 511 to fsync_neighbour_nord_sud_255 NORD INPUT port
Connection tile-id 543 to fsync_neighbour_nord_sud_255 SUD INPUT port
Connection tile-id 544 to fsync_neighbour_nord_sud_256 NORD INPUT port
Connection tile-id 576 to fsync_neighbour_nord_sud_256 SUD INPUT port
Connection tile-id 545 to fsync_neighbour_nord_sud_257 NORD INPUT port
Connection tile-id 577 to fsync_neighbour_nord_sud_257 SUD INPUT port
Connection tile-id 546 to fsync_neighbour_nord_sud_258 NORD INPUT port
Connection tile-id 578 to fsync_neighbour_nord_sud_258 SUD INPUT port
Connection tile-id 547 to fsync_neighbour_nord_sud_259 NORD INPUT port
Connection tile-id 579 to fsync_neighbour_nord_sud_259 SUD INPUT port
Connection tile-id 548 to fsync_neighbour_nord_sud_260 NORD INPUT port
Connection tile-id 580 to fsync_neighbour_nord_sud_260 SUD INPUT port
Connection tile-id 549 to fsync_neighbour_nord_sud_261 NORD INPUT port
Connection tile-id 581 to fsync_neighbour_nord_sud_261 SUD INPUT port
Connection tile-id 550 to fsync_neighbour_nord_sud_262 NORD INPUT port
Connection tile-id 582 to fsync_neighbour_nord_sud_262 SUD INPUT port
Connection tile-id 551 to fsync_neighbour_nord_sud_263 NORD INPUT port
Connection tile-id 583 to fsync_neighbour_nord_sud_263 SUD INPUT port
Connection tile-id 552 to fsync_neighbour_nord_sud_264 NORD INPUT port
Connection tile-id 584 to fsync_neighbour_nord_sud_264 SUD INPUT port
Connection tile-id 553 to fsync_neighbour_nord_sud_265 NORD INPUT port
Connection tile-id 585 to fsync_neighbour_nord_sud_265 SUD INPUT port
Connection tile-id 554 to fsync_neighbour_nord_sud_266 NORD INPUT port
Connection tile-id 586 to fsync_neighbour_nord_sud_266 SUD INPUT port
Connection tile-id 555 to fsync_neighbour_nord_sud_267 NORD INPUT port
Connection tile-id 587 to fsync_neighbour_nord_sud_267 SUD INPUT port
Connection tile-id 556 to fsync_neighbour_nord_sud_268 NORD INPUT port
Connection tile-id 588 to fsync_neighbour_nord_sud_268 SUD INPUT port
Connection tile-id 557 to fsync_neighbour_nord_sud_269 NORD INPUT port
Connection tile-id 589 to fsync_neighbour_nord_sud_269 SUD INPUT port
Connection tile-id 558 to fsync_neighbour_nord_sud_270 NORD INPUT port
Connection tile-id 590 to fsync_neighbour_nord_sud_270 SUD INPUT port
Connection tile-id 559 to fsync_neighbour_nord_sud_271 NORD INPUT port
Connection tile-id 591 to fsync_neighbour_nord_sud_271 SUD INPUT port
Connection tile-id 560 to fsync_neighbour_nord_sud_272 NORD INPUT port
Connection tile-id 592 to fsync_neighbour_nord_sud_272 SUD INPUT port
Connection tile-id 561 to fsync_neighbour_nord_sud_273 NORD INPUT port
Connection tile-id 593 to fsync_neighbour_nord_sud_273 SUD INPUT port
Connection tile-id 562 to fsync_neighbour_nord_sud_274 NORD INPUT port
Connection tile-id 594 to fsync_neighbour_nord_sud_274 SUD INPUT port
Connection tile-id 563 to fsync_neighbour_nord_sud_275 NORD INPUT port
Connection tile-id 595 to fsync_neighbour_nord_sud_275 SUD INPUT port
Connection tile-id 564 to fsync_neighbour_nord_sud_276 NORD INPUT port
Connection tile-id 596 to fsync_neighbour_nord_sud_276 SUD INPUT port
Connection tile-id 565 to fsync_neighbour_nord_sud_277 NORD INPUT port
Connection tile-id 597 to fsync_neighbour_nord_sud_277 SUD INPUT port
Connection tile-id 566 to fsync_neighbour_nord_sud_278 NORD INPUT port
Connection tile-id 598 to fsync_neighbour_nord_sud_278 SUD INPUT port
Connection tile-id 567 to fsync_neighbour_nord_sud_279 NORD INPUT port
Connection tile-id 599 to fsync_neighbour_nord_sud_279 SUD INPUT port
Connection tile-id 568 to fsync_neighbour_nord_sud_280 NORD INPUT port
Connection tile-id 600 to fsync_neighbour_nord_sud_280 SUD INPUT port
Connection tile-id 569 to fsync_neighbour_nord_sud_281 NORD INPUT port
Connection tile-id 601 to fsync_neighbour_nord_sud_281 SUD INPUT port
Connection tile-id 570 to fsync_neighbour_nord_sud_282 NORD INPUT port
Connection tile-id 602 to fsync_neighbour_nord_sud_282 SUD INPUT port
Connection tile-id 571 to fsync_neighbour_nord_sud_283 NORD INPUT port
Connection tile-id 603 to fsync_neighbour_nord_sud_283 SUD INPUT port
Connection tile-id 572 to fsync_neighbour_nord_sud_284 NORD INPUT port
Connection tile-id 604 to fsync_neighbour_nord_sud_284 SUD INPUT port
Connection tile-id 573 to fsync_neighbour_nord_sud_285 NORD INPUT port
Connection tile-id 605 to fsync_neighbour_nord_sud_285 SUD INPUT port
Connection tile-id 574 to fsync_neighbour_nord_sud_286 NORD INPUT port
Connection tile-id 606 to fsync_neighbour_nord_sud_286 SUD INPUT port
Connection tile-id 575 to fsync_neighbour_nord_sud_287 NORD INPUT port
Connection tile-id 607 to fsync_neighbour_nord_sud_287 SUD INPUT port
Connection tile-id 608 to fsync_neighbour_nord_sud_288 NORD INPUT port
Connection tile-id 640 to fsync_neighbour_nord_sud_288 SUD INPUT port
Connection tile-id 609 to fsync_neighbour_nord_sud_289 NORD INPUT port
Connection tile-id 641 to fsync_neighbour_nord_sud_289 SUD INPUT port
Connection tile-id 610 to fsync_neighbour_nord_sud_290 NORD INPUT port
Connection tile-id 642 to fsync_neighbour_nord_sud_290 SUD INPUT port
Connection tile-id 611 to fsync_neighbour_nord_sud_291 NORD INPUT port
Connection tile-id 643 to fsync_neighbour_nord_sud_291 SUD INPUT port
Connection tile-id 612 to fsync_neighbour_nord_sud_292 NORD INPUT port
Connection tile-id 644 to fsync_neighbour_nord_sud_292 SUD INPUT port
Connection tile-id 613 to fsync_neighbour_nord_sud_293 NORD INPUT port
Connection tile-id 645 to fsync_neighbour_nord_sud_293 SUD INPUT port
Connection tile-id 614 to fsync_neighbour_nord_sud_294 NORD INPUT port
Connection tile-id 646 to fsync_neighbour_nord_sud_294 SUD INPUT port
Connection tile-id 615 to fsync_neighbour_nord_sud_295 NORD INPUT port
Connection tile-id 647 to fsync_neighbour_nord_sud_295 SUD INPUT port
Connection tile-id 616 to fsync_neighbour_nord_sud_296 NORD INPUT port
Connection tile-id 648 to fsync_neighbour_nord_sud_296 SUD INPUT port
Connection tile-id 617 to fsync_neighbour_nord_sud_297 NORD INPUT port
Connection tile-id 649 to fsync_neighbour_nord_sud_297 SUD INPUT port
Connection tile-id 618 to fsync_neighbour_nord_sud_298 NORD INPUT port
Connection tile-id 650 to fsync_neighbour_nord_sud_298 SUD INPUT port
Connection tile-id 619 to fsync_neighbour_nord_sud_299 NORD INPUT port
Connection tile-id 651 to fsync_neighbour_nord_sud_299 SUD INPUT port
Connection tile-id 620 to fsync_neighbour_nord_sud_300 NORD INPUT port
Connection tile-id 652 to fsync_neighbour_nord_sud_300 SUD INPUT port
Connection tile-id 621 to fsync_neighbour_nord_sud_301 NORD INPUT port
Connection tile-id 653 to fsync_neighbour_nord_sud_301 SUD INPUT port
Connection tile-id 622 to fsync_neighbour_nord_sud_302 NORD INPUT port
Connection tile-id 654 to fsync_neighbour_nord_sud_302 SUD INPUT port
Connection tile-id 623 to fsync_neighbour_nord_sud_303 NORD INPUT port
Connection tile-id 655 to fsync_neighbour_nord_sud_303 SUD INPUT port
Connection tile-id 624 to fsync_neighbour_nord_sud_304 NORD INPUT port
Connection tile-id 656 to fsync_neighbour_nord_sud_304 SUD INPUT port
Connection tile-id 625 to fsync_neighbour_nord_sud_305 NORD INPUT port
Connection tile-id 657 to fsync_neighbour_nord_sud_305 SUD INPUT port
Connection tile-id 626 to fsync_neighbour_nord_sud_306 NORD INPUT port
Connection tile-id 658 to fsync_neighbour_nord_sud_306 SUD INPUT port
Connection tile-id 627 to fsync_neighbour_nord_sud_307 NORD INPUT port
Connection tile-id 659 to fsync_neighbour_nord_sud_307 SUD INPUT port
Connection tile-id 628 to fsync_neighbour_nord_sud_308 NORD INPUT port
Connection tile-id 660 to fsync_neighbour_nord_sud_308 SUD INPUT port
Connection tile-id 629 to fsync_neighbour_nord_sud_309 NORD INPUT port
Connection tile-id 661 to fsync_neighbour_nord_sud_309 SUD INPUT port
Connection tile-id 630 to fsync_neighbour_nord_sud_310 NORD INPUT port
Connection tile-id 662 to fsync_neighbour_nord_sud_310 SUD INPUT port
Connection tile-id 631 to fsync_neighbour_nord_sud_311 NORD INPUT port
Connection tile-id 663 to fsync_neighbour_nord_sud_311 SUD INPUT port
Connection tile-id 632 to fsync_neighbour_nord_sud_312 NORD INPUT port
Connection tile-id 664 to fsync_neighbour_nord_sud_312 SUD INPUT port
Connection tile-id 633 to fsync_neighbour_nord_sud_313 NORD INPUT port
Connection tile-id 665 to fsync_neighbour_nord_sud_313 SUD INPUT port
Connection tile-id 634 to fsync_neighbour_nord_sud_314 NORD INPUT port
Connection tile-id 666 to fsync_neighbour_nord_sud_314 SUD INPUT port
Connection tile-id 635 to fsync_neighbour_nord_sud_315 NORD INPUT port
Connection tile-id 667 to fsync_neighbour_nord_sud_315 SUD INPUT port
Connection tile-id 636 to fsync_neighbour_nord_sud_316 NORD INPUT port
Connection tile-id 668 to fsync_neighbour_nord_sud_316 SUD INPUT port
Connection tile-id 637 to fsync_neighbour_nord_sud_317 NORD INPUT port
Connection tile-id 669 to fsync_neighbour_nord_sud_317 SUD INPUT port
Connection tile-id 638 to fsync_neighbour_nord_sud_318 NORD INPUT port
Connection tile-id 670 to fsync_neighbour_nord_sud_318 SUD INPUT port
Connection tile-id 639 to fsync_neighbour_nord_sud_319 NORD INPUT port
Connection tile-id 671 to fsync_neighbour_nord_sud_319 SUD INPUT port
Connection tile-id 672 to fsync_neighbour_nord_sud_320 NORD INPUT port
Connection tile-id 704 to fsync_neighbour_nord_sud_320 SUD INPUT port
Connection tile-id 673 to fsync_neighbour_nord_sud_321 NORD INPUT port
Connection tile-id 705 to fsync_neighbour_nord_sud_321 SUD INPUT port
Connection tile-id 674 to fsync_neighbour_nord_sud_322 NORD INPUT port
Connection tile-id 706 to fsync_neighbour_nord_sud_322 SUD INPUT port
Connection tile-id 675 to fsync_neighbour_nord_sud_323 NORD INPUT port
Connection tile-id 707 to fsync_neighbour_nord_sud_323 SUD INPUT port
Connection tile-id 676 to fsync_neighbour_nord_sud_324 NORD INPUT port
Connection tile-id 708 to fsync_neighbour_nord_sud_324 SUD INPUT port
Connection tile-id 677 to fsync_neighbour_nord_sud_325 NORD INPUT port
Connection tile-id 709 to fsync_neighbour_nord_sud_325 SUD INPUT port
Connection tile-id 678 to fsync_neighbour_nord_sud_326 NORD INPUT port
Connection tile-id 710 to fsync_neighbour_nord_sud_326 SUD INPUT port
Connection tile-id 679 to fsync_neighbour_nord_sud_327 NORD INPUT port
Connection tile-id 711 to fsync_neighbour_nord_sud_327 SUD INPUT port
Connection tile-id 680 to fsync_neighbour_nord_sud_328 NORD INPUT port
Connection tile-id 712 to fsync_neighbour_nord_sud_328 SUD INPUT port
Connection tile-id 681 to fsync_neighbour_nord_sud_329 NORD INPUT port
Connection tile-id 713 to fsync_neighbour_nord_sud_329 SUD INPUT port
Connection tile-id 682 to fsync_neighbour_nord_sud_330 NORD INPUT port
Connection tile-id 714 to fsync_neighbour_nord_sud_330 SUD INPUT port
Connection tile-id 683 to fsync_neighbour_nord_sud_331 NORD INPUT port
Connection tile-id 715 to fsync_neighbour_nord_sud_331 SUD INPUT port
Connection tile-id 684 to fsync_neighbour_nord_sud_332 NORD INPUT port
Connection tile-id 716 to fsync_neighbour_nord_sud_332 SUD INPUT port
Connection tile-id 685 to fsync_neighbour_nord_sud_333 NORD INPUT port
Connection tile-id 717 to fsync_neighbour_nord_sud_333 SUD INPUT port
Connection tile-id 686 to fsync_neighbour_nord_sud_334 NORD INPUT port
Connection tile-id 718 to fsync_neighbour_nord_sud_334 SUD INPUT port
Connection tile-id 687 to fsync_neighbour_nord_sud_335 NORD INPUT port
Connection tile-id 719 to fsync_neighbour_nord_sud_335 SUD INPUT port
Connection tile-id 688 to fsync_neighbour_nord_sud_336 NORD INPUT port
Connection tile-id 720 to fsync_neighbour_nord_sud_336 SUD INPUT port
Connection tile-id 689 to fsync_neighbour_nord_sud_337 NORD INPUT port
Connection tile-id 721 to fsync_neighbour_nord_sud_337 SUD INPUT port
Connection tile-id 690 to fsync_neighbour_nord_sud_338 NORD INPUT port
Connection tile-id 722 to fsync_neighbour_nord_sud_338 SUD INPUT port
Connection tile-id 691 to fsync_neighbour_nord_sud_339 NORD INPUT port
Connection tile-id 723 to fsync_neighbour_nord_sud_339 SUD INPUT port
Connection tile-id 692 to fsync_neighbour_nord_sud_340 NORD INPUT port
Connection tile-id 724 to fsync_neighbour_nord_sud_340 SUD INPUT port
Connection tile-id 693 to fsync_neighbour_nord_sud_341 NORD INPUT port
Connection tile-id 725 to fsync_neighbour_nord_sud_341 SUD INPUT port
Connection tile-id 694 to fsync_neighbour_nord_sud_342 NORD INPUT port
Connection tile-id 726 to fsync_neighbour_nord_sud_342 SUD INPUT port
Connection tile-id 695 to fsync_neighbour_nord_sud_343 NORD INPUT port
Connection tile-id 727 to fsync_neighbour_nord_sud_343 SUD INPUT port
Connection tile-id 696 to fsync_neighbour_nord_sud_344 NORD INPUT port
Connection tile-id 728 to fsync_neighbour_nord_sud_344 SUD INPUT port
Connection tile-id 697 to fsync_neighbour_nord_sud_345 NORD INPUT port
Connection tile-id 729 to fsync_neighbour_nord_sud_345 SUD INPUT port
Connection tile-id 698 to fsync_neighbour_nord_sud_346 NORD INPUT port
Connection tile-id 730 to fsync_neighbour_nord_sud_346 SUD INPUT port
Connection tile-id 699 to fsync_neighbour_nord_sud_347 NORD INPUT port
Connection tile-id 731 to fsync_neighbour_nord_sud_347 SUD INPUT port
Connection tile-id 700 to fsync_neighbour_nord_sud_348 NORD INPUT port
Connection tile-id 732 to fsync_neighbour_nord_sud_348 SUD INPUT port
Connection tile-id 701 to fsync_neighbour_nord_sud_349 NORD INPUT port
Connection tile-id 733 to fsync_neighbour_nord_sud_349 SUD INPUT port
Connection tile-id 702 to fsync_neighbour_nord_sud_350 NORD INPUT port
Connection tile-id 734 to fsync_neighbour_nord_sud_350 SUD INPUT port
Connection tile-id 703 to fsync_neighbour_nord_sud_351 NORD INPUT port
Connection tile-id 735 to fsync_neighbour_nord_sud_351 SUD INPUT port
Connection tile-id 736 to fsync_neighbour_nord_sud_352 NORD INPUT port
Connection tile-id 768 to fsync_neighbour_nord_sud_352 SUD INPUT port
Connection tile-id 737 to fsync_neighbour_nord_sud_353 NORD INPUT port
Connection tile-id 769 to fsync_neighbour_nord_sud_353 SUD INPUT port
Connection tile-id 738 to fsync_neighbour_nord_sud_354 NORD INPUT port
Connection tile-id 770 to fsync_neighbour_nord_sud_354 SUD INPUT port
Connection tile-id 739 to fsync_neighbour_nord_sud_355 NORD INPUT port
Connection tile-id 771 to fsync_neighbour_nord_sud_355 SUD INPUT port
Connection tile-id 740 to fsync_neighbour_nord_sud_356 NORD INPUT port
Connection tile-id 772 to fsync_neighbour_nord_sud_356 SUD INPUT port
Connection tile-id 741 to fsync_neighbour_nord_sud_357 NORD INPUT port
Connection tile-id 773 to fsync_neighbour_nord_sud_357 SUD INPUT port
Connection tile-id 742 to fsync_neighbour_nord_sud_358 NORD INPUT port
Connection tile-id 774 to fsync_neighbour_nord_sud_358 SUD INPUT port
Connection tile-id 743 to fsync_neighbour_nord_sud_359 NORD INPUT port
Connection tile-id 775 to fsync_neighbour_nord_sud_359 SUD INPUT port
Connection tile-id 744 to fsync_neighbour_nord_sud_360 NORD INPUT port
Connection tile-id 776 to fsync_neighbour_nord_sud_360 SUD INPUT port
Connection tile-id 745 to fsync_neighbour_nord_sud_361 NORD INPUT port
Connection tile-id 777 to fsync_neighbour_nord_sud_361 SUD INPUT port
Connection tile-id 746 to fsync_neighbour_nord_sud_362 NORD INPUT port
Connection tile-id 778 to fsync_neighbour_nord_sud_362 SUD INPUT port
Connection tile-id 747 to fsync_neighbour_nord_sud_363 NORD INPUT port
Connection tile-id 779 to fsync_neighbour_nord_sud_363 SUD INPUT port
Connection tile-id 748 to fsync_neighbour_nord_sud_364 NORD INPUT port
Connection tile-id 780 to fsync_neighbour_nord_sud_364 SUD INPUT port
Connection tile-id 749 to fsync_neighbour_nord_sud_365 NORD INPUT port
Connection tile-id 781 to fsync_neighbour_nord_sud_365 SUD INPUT port
Connection tile-id 750 to fsync_neighbour_nord_sud_366 NORD INPUT port
Connection tile-id 782 to fsync_neighbour_nord_sud_366 SUD INPUT port
Connection tile-id 751 to fsync_neighbour_nord_sud_367 NORD INPUT port
Connection tile-id 783 to fsync_neighbour_nord_sud_367 SUD INPUT port
Connection tile-id 752 to fsync_neighbour_nord_sud_368 NORD INPUT port
Connection tile-id 784 to fsync_neighbour_nord_sud_368 SUD INPUT port
Connection tile-id 753 to fsync_neighbour_nord_sud_369 NORD INPUT port
Connection tile-id 785 to fsync_neighbour_nord_sud_369 SUD INPUT port
Connection tile-id 754 to fsync_neighbour_nord_sud_370 NORD INPUT port
Connection tile-id 786 to fsync_neighbour_nord_sud_370 SUD INPUT port
Connection tile-id 755 to fsync_neighbour_nord_sud_371 NORD INPUT port
Connection tile-id 787 to fsync_neighbour_nord_sud_371 SUD INPUT port
Connection tile-id 756 to fsync_neighbour_nord_sud_372 NORD INPUT port
Connection tile-id 788 to fsync_neighbour_nord_sud_372 SUD INPUT port
Connection tile-id 757 to fsync_neighbour_nord_sud_373 NORD INPUT port
Connection tile-id 789 to fsync_neighbour_nord_sud_373 SUD INPUT port
Connection tile-id 758 to fsync_neighbour_nord_sud_374 NORD INPUT port
Connection tile-id 790 to fsync_neighbour_nord_sud_374 SUD INPUT port
Connection tile-id 759 to fsync_neighbour_nord_sud_375 NORD INPUT port
Connection tile-id 791 to fsync_neighbour_nord_sud_375 SUD INPUT port
Connection tile-id 760 to fsync_neighbour_nord_sud_376 NORD INPUT port
Connection tile-id 792 to fsync_neighbour_nord_sud_376 SUD INPUT port
Connection tile-id 761 to fsync_neighbour_nord_sud_377 NORD INPUT port
Connection tile-id 793 to fsync_neighbour_nord_sud_377 SUD INPUT port
Connection tile-id 762 to fsync_neighbour_nord_sud_378 NORD INPUT port
Connection tile-id 794 to fsync_neighbour_nord_sud_378 SUD INPUT port
Connection tile-id 763 to fsync_neighbour_nord_sud_379 NORD INPUT port
Connection tile-id 795 to fsync_neighbour_nord_sud_379 SUD INPUT port
Connection tile-id 764 to fsync_neighbour_nord_sud_380 NORD INPUT port
Connection tile-id 796 to fsync_neighbour_nord_sud_380 SUD INPUT port
Connection tile-id 765 to fsync_neighbour_nord_sud_381 NORD INPUT port
Connection tile-id 797 to fsync_neighbour_nord_sud_381 SUD INPUT port
Connection tile-id 766 to fsync_neighbour_nord_sud_382 NORD INPUT port
Connection tile-id 798 to fsync_neighbour_nord_sud_382 SUD INPUT port
Connection tile-id 767 to fsync_neighbour_nord_sud_383 NORD INPUT port
Connection tile-id 799 to fsync_neighbour_nord_sud_383 SUD INPUT port
Connection tile-id 800 to fsync_neighbour_nord_sud_384 NORD INPUT port
Connection tile-id 832 to fsync_neighbour_nord_sud_384 SUD INPUT port
Connection tile-id 801 to fsync_neighbour_nord_sud_385 NORD INPUT port
Connection tile-id 833 to fsync_neighbour_nord_sud_385 SUD INPUT port
Connection tile-id 802 to fsync_neighbour_nord_sud_386 NORD INPUT port
Connection tile-id 834 to fsync_neighbour_nord_sud_386 SUD INPUT port
Connection tile-id 803 to fsync_neighbour_nord_sud_387 NORD INPUT port
Connection tile-id 835 to fsync_neighbour_nord_sud_387 SUD INPUT port
Connection tile-id 804 to fsync_neighbour_nord_sud_388 NORD INPUT port
Connection tile-id 836 to fsync_neighbour_nord_sud_388 SUD INPUT port
Connection tile-id 805 to fsync_neighbour_nord_sud_389 NORD INPUT port
Connection tile-id 837 to fsync_neighbour_nord_sud_389 SUD INPUT port
Connection tile-id 806 to fsync_neighbour_nord_sud_390 NORD INPUT port
Connection tile-id 838 to fsync_neighbour_nord_sud_390 SUD INPUT port
Connection tile-id 807 to fsync_neighbour_nord_sud_391 NORD INPUT port
Connection tile-id 839 to fsync_neighbour_nord_sud_391 SUD INPUT port
Connection tile-id 808 to fsync_neighbour_nord_sud_392 NORD INPUT port
Connection tile-id 840 to fsync_neighbour_nord_sud_392 SUD INPUT port
Connection tile-id 809 to fsync_neighbour_nord_sud_393 NORD INPUT port
Connection tile-id 841 to fsync_neighbour_nord_sud_393 SUD INPUT port
Connection tile-id 810 to fsync_neighbour_nord_sud_394 NORD INPUT port
Connection tile-id 842 to fsync_neighbour_nord_sud_394 SUD INPUT port
Connection tile-id 811 to fsync_neighbour_nord_sud_395 NORD INPUT port
Connection tile-id 843 to fsync_neighbour_nord_sud_395 SUD INPUT port
Connection tile-id 812 to fsync_neighbour_nord_sud_396 NORD INPUT port
Connection tile-id 844 to fsync_neighbour_nord_sud_396 SUD INPUT port
Connection tile-id 813 to fsync_neighbour_nord_sud_397 NORD INPUT port
Connection tile-id 845 to fsync_neighbour_nord_sud_397 SUD INPUT port
Connection tile-id 814 to fsync_neighbour_nord_sud_398 NORD INPUT port
Connection tile-id 846 to fsync_neighbour_nord_sud_398 SUD INPUT port
Connection tile-id 815 to fsync_neighbour_nord_sud_399 NORD INPUT port
Connection tile-id 847 to fsync_neighbour_nord_sud_399 SUD INPUT port
Connection tile-id 816 to fsync_neighbour_nord_sud_400 NORD INPUT port
Connection tile-id 848 to fsync_neighbour_nord_sud_400 SUD INPUT port
Connection tile-id 817 to fsync_neighbour_nord_sud_401 NORD INPUT port
Connection tile-id 849 to fsync_neighbour_nord_sud_401 SUD INPUT port
Connection tile-id 818 to fsync_neighbour_nord_sud_402 NORD INPUT port
Connection tile-id 850 to fsync_neighbour_nord_sud_402 SUD INPUT port
Connection tile-id 819 to fsync_neighbour_nord_sud_403 NORD INPUT port
Connection tile-id 851 to fsync_neighbour_nord_sud_403 SUD INPUT port
Connection tile-id 820 to fsync_neighbour_nord_sud_404 NORD INPUT port
Connection tile-id 852 to fsync_neighbour_nord_sud_404 SUD INPUT port
Connection tile-id 821 to fsync_neighbour_nord_sud_405 NORD INPUT port
Connection tile-id 853 to fsync_neighbour_nord_sud_405 SUD INPUT port
Connection tile-id 822 to fsync_neighbour_nord_sud_406 NORD INPUT port
Connection tile-id 854 to fsync_neighbour_nord_sud_406 SUD INPUT port
Connection tile-id 823 to fsync_neighbour_nord_sud_407 NORD INPUT port
Connection tile-id 855 to fsync_neighbour_nord_sud_407 SUD INPUT port
Connection tile-id 824 to fsync_neighbour_nord_sud_408 NORD INPUT port
Connection tile-id 856 to fsync_neighbour_nord_sud_408 SUD INPUT port
Connection tile-id 825 to fsync_neighbour_nord_sud_409 NORD INPUT port
Connection tile-id 857 to fsync_neighbour_nord_sud_409 SUD INPUT port
Connection tile-id 826 to fsync_neighbour_nord_sud_410 NORD INPUT port
Connection tile-id 858 to fsync_neighbour_nord_sud_410 SUD INPUT port
Connection tile-id 827 to fsync_neighbour_nord_sud_411 NORD INPUT port
Connection tile-id 859 to fsync_neighbour_nord_sud_411 SUD INPUT port
Connection tile-id 828 to fsync_neighbour_nord_sud_412 NORD INPUT port
Connection tile-id 860 to fsync_neighbour_nord_sud_412 SUD INPUT port
Connection tile-id 829 to fsync_neighbour_nord_sud_413 NORD INPUT port
Connection tile-id 861 to fsync_neighbour_nord_sud_413 SUD INPUT port
Connection tile-id 830 to fsync_neighbour_nord_sud_414 NORD INPUT port
Connection tile-id 862 to fsync_neighbour_nord_sud_414 SUD INPUT port
Connection tile-id 831 to fsync_neighbour_nord_sud_415 NORD INPUT port
Connection tile-id 863 to fsync_neighbour_nord_sud_415 SUD INPUT port
Connection tile-id 864 to fsync_neighbour_nord_sud_416 NORD INPUT port
Connection tile-id 896 to fsync_neighbour_nord_sud_416 SUD INPUT port
Connection tile-id 865 to fsync_neighbour_nord_sud_417 NORD INPUT port
Connection tile-id 897 to fsync_neighbour_nord_sud_417 SUD INPUT port
Connection tile-id 866 to fsync_neighbour_nord_sud_418 NORD INPUT port
Connection tile-id 898 to fsync_neighbour_nord_sud_418 SUD INPUT port
Connection tile-id 867 to fsync_neighbour_nord_sud_419 NORD INPUT port
Connection tile-id 899 to fsync_neighbour_nord_sud_419 SUD INPUT port
Connection tile-id 868 to fsync_neighbour_nord_sud_420 NORD INPUT port
Connection tile-id 900 to fsync_neighbour_nord_sud_420 SUD INPUT port
Connection tile-id 869 to fsync_neighbour_nord_sud_421 NORD INPUT port
Connection tile-id 901 to fsync_neighbour_nord_sud_421 SUD INPUT port
Connection tile-id 870 to fsync_neighbour_nord_sud_422 NORD INPUT port
Connection tile-id 902 to fsync_neighbour_nord_sud_422 SUD INPUT port
Connection tile-id 871 to fsync_neighbour_nord_sud_423 NORD INPUT port
Connection tile-id 903 to fsync_neighbour_nord_sud_423 SUD INPUT port
Connection tile-id 872 to fsync_neighbour_nord_sud_424 NORD INPUT port
Connection tile-id 904 to fsync_neighbour_nord_sud_424 SUD INPUT port
Connection tile-id 873 to fsync_neighbour_nord_sud_425 NORD INPUT port
Connection tile-id 905 to fsync_neighbour_nord_sud_425 SUD INPUT port
Connection tile-id 874 to fsync_neighbour_nord_sud_426 NORD INPUT port
Connection tile-id 906 to fsync_neighbour_nord_sud_426 SUD INPUT port
Connection tile-id 875 to fsync_neighbour_nord_sud_427 NORD INPUT port
Connection tile-id 907 to fsync_neighbour_nord_sud_427 SUD INPUT port
Connection tile-id 876 to fsync_neighbour_nord_sud_428 NORD INPUT port
Connection tile-id 908 to fsync_neighbour_nord_sud_428 SUD INPUT port
Connection tile-id 877 to fsync_neighbour_nord_sud_429 NORD INPUT port
Connection tile-id 909 to fsync_neighbour_nord_sud_429 SUD INPUT port
Connection tile-id 878 to fsync_neighbour_nord_sud_430 NORD INPUT port
Connection tile-id 910 to fsync_neighbour_nord_sud_430 SUD INPUT port
Connection tile-id 879 to fsync_neighbour_nord_sud_431 NORD INPUT port
Connection tile-id 911 to fsync_neighbour_nord_sud_431 SUD INPUT port
Connection tile-id 880 to fsync_neighbour_nord_sud_432 NORD INPUT port
Connection tile-id 912 to fsync_neighbour_nord_sud_432 SUD INPUT port
Connection tile-id 881 to fsync_neighbour_nord_sud_433 NORD INPUT port
Connection tile-id 913 to fsync_neighbour_nord_sud_433 SUD INPUT port
Connection tile-id 882 to fsync_neighbour_nord_sud_434 NORD INPUT port
Connection tile-id 914 to fsync_neighbour_nord_sud_434 SUD INPUT port
Connection tile-id 883 to fsync_neighbour_nord_sud_435 NORD INPUT port
Connection tile-id 915 to fsync_neighbour_nord_sud_435 SUD INPUT port
Connection tile-id 884 to fsync_neighbour_nord_sud_436 NORD INPUT port
Connection tile-id 916 to fsync_neighbour_nord_sud_436 SUD INPUT port
Connection tile-id 885 to fsync_neighbour_nord_sud_437 NORD INPUT port
Connection tile-id 917 to fsync_neighbour_nord_sud_437 SUD INPUT port
Connection tile-id 886 to fsync_neighbour_nord_sud_438 NORD INPUT port
Connection tile-id 918 to fsync_neighbour_nord_sud_438 SUD INPUT port
Connection tile-id 887 to fsync_neighbour_nord_sud_439 NORD INPUT port
Connection tile-id 919 to fsync_neighbour_nord_sud_439 SUD INPUT port
Connection tile-id 888 to fsync_neighbour_nord_sud_440 NORD INPUT port
Connection tile-id 920 to fsync_neighbour_nord_sud_440 SUD INPUT port
Connection tile-id 889 to fsync_neighbour_nord_sud_441 NORD INPUT port
Connection tile-id 921 to fsync_neighbour_nord_sud_441 SUD INPUT port
Connection tile-id 890 to fsync_neighbour_nord_sud_442 NORD INPUT port
Connection tile-id 922 to fsync_neighbour_nord_sud_442 SUD INPUT port
Connection tile-id 891 to fsync_neighbour_nord_sud_443 NORD INPUT port
Connection tile-id 923 to fsync_neighbour_nord_sud_443 SUD INPUT port
Connection tile-id 892 to fsync_neighbour_nord_sud_444 NORD INPUT port
Connection tile-id 924 to fsync_neighbour_nord_sud_444 SUD INPUT port
Connection tile-id 893 to fsync_neighbour_nord_sud_445 NORD INPUT port
Connection tile-id 925 to fsync_neighbour_nord_sud_445 SUD INPUT port
Connection tile-id 894 to fsync_neighbour_nord_sud_446 NORD INPUT port
Connection tile-id 926 to fsync_neighbour_nord_sud_446 SUD INPUT port
Connection tile-id 895 to fsync_neighbour_nord_sud_447 NORD INPUT port
Connection tile-id 927 to fsync_neighbour_nord_sud_447 SUD INPUT port
Connection tile-id 928 to fsync_neighbour_nord_sud_448 NORD INPUT port
Connection tile-id 960 to fsync_neighbour_nord_sud_448 SUD INPUT port
Connection tile-id 929 to fsync_neighbour_nord_sud_449 NORD INPUT port
Connection tile-id 961 to fsync_neighbour_nord_sud_449 SUD INPUT port
Connection tile-id 930 to fsync_neighbour_nord_sud_450 NORD INPUT port
Connection tile-id 962 to fsync_neighbour_nord_sud_450 SUD INPUT port
Connection tile-id 931 to fsync_neighbour_nord_sud_451 NORD INPUT port
Connection tile-id 963 to fsync_neighbour_nord_sud_451 SUD INPUT port
Connection tile-id 932 to fsync_neighbour_nord_sud_452 NORD INPUT port
Connection tile-id 964 to fsync_neighbour_nord_sud_452 SUD INPUT port
Connection tile-id 933 to fsync_neighbour_nord_sud_453 NORD INPUT port
Connection tile-id 965 to fsync_neighbour_nord_sud_453 SUD INPUT port
Connection tile-id 934 to fsync_neighbour_nord_sud_454 NORD INPUT port
Connection tile-id 966 to fsync_neighbour_nord_sud_454 SUD INPUT port
Connection tile-id 935 to fsync_neighbour_nord_sud_455 NORD INPUT port
Connection tile-id 967 to fsync_neighbour_nord_sud_455 SUD INPUT port
Connection tile-id 936 to fsync_neighbour_nord_sud_456 NORD INPUT port
Connection tile-id 968 to fsync_neighbour_nord_sud_456 SUD INPUT port
Connection tile-id 937 to fsync_neighbour_nord_sud_457 NORD INPUT port
Connection tile-id 969 to fsync_neighbour_nord_sud_457 SUD INPUT port
Connection tile-id 938 to fsync_neighbour_nord_sud_458 NORD INPUT port
Connection tile-id 970 to fsync_neighbour_nord_sud_458 SUD INPUT port
Connection tile-id 939 to fsync_neighbour_nord_sud_459 NORD INPUT port
Connection tile-id 971 to fsync_neighbour_nord_sud_459 SUD INPUT port
Connection tile-id 940 to fsync_neighbour_nord_sud_460 NORD INPUT port
Connection tile-id 972 to fsync_neighbour_nord_sud_460 SUD INPUT port